1;1998;Nancy;Davolio;NancyDavolio;2;Chang;2014,00
1;1998;Nancy;Davolio;NancyDavolio;3;Aniseed Syrup;40,00
1;1998;Nancy;Davolio;NancyDavolio;4;Chef Anton's Cajun Seasoning;132,00
1;1998;Nancy;Davolio;NancyDavolio;6;Grandma's Boysenberry Spread;425,00
1;1998;Nancy;Davolio;NancyDavolio;7;Uncle Bob's Organic Dried Pears;960,00
1;1998;Nancy;Davolio;NancyDavolio;8;Northwoods Cranberry Sauce;720,00
1;1998;Nancy;Davolio;NancyDavolio;10;Ikura;3441,00
1;1998;Nancy;Davolio;NancyDavolio;11;Queso Cabrales;315,00
1;1998;Nancy;Davolio;NancyDavolio;12;Queso Manchego La Pastora;1216,00
1;1998;Nancy;Davolio;NancyDavolio;13;Konbu;252,00
1;1998;Nancy;Davolio;NancyDavolio;14;Tofu;23,25
1;1998;Nancy;Davolio;NancyDavolio;16;Pavlova;1884,60
1;1998;Nancy;Davolio;NancyDavolio;17;Alice Mutton;3003,00
1;1998;Nancy;Davolio;NancyDavolio;18;Carnarvon Tigers;1562,50
1;1998;Nancy;Davolio;NancyDavolio;19;Teatime Chocolate Biscuits;570,40
1;1998;Nancy;Davolio;NancyDavolio;20;Sir Rodney's Marmalade;81,00
1;1998;Nancy;Davolio;NancyDavolio;23;Tunnbr?d;18,00
1;1998;Nancy;Davolio;NancyDavolio;24;Guaraná Fantástica;652,50
1;1998;Nancy;Davolio;NancyDavolio;25;NuNuCa Nu?-Nougat-Creme;280,00
1;1998;Nancy;Davolio;NancyDavolio;26;Gumb?r Gummib?rchen;374,76
1;1998;Nancy;Davolio;NancyDavolio;28;R?ssle Sauerkraut;1915,20
1;1998;Nancy;Davolio;NancyDavolio;29;Thüringer Rostbratwurst;990,32
1;1998;Nancy;Davolio;NancyDavolio;30;Nord-Ost Matjeshering;517,80
1;1998;Nancy;Davolio;NancyDavolio;31;Gorgonzola Telino;437,50
1;1998;Nancy;Davolio;NancyDavolio;32;Mascarpone Fabioli;224,00
1;1998;Nancy;Davolio;NancyDavolio;33;Geitost;10,00
1;1998;Nancy;Davolio;NancyDavolio;35;Steeleye Stout;972,00
1;1998;Nancy;Davolio;NancyDavolio;36;Inlagd Sill;760,00
1;1998;Nancy;Davolio;NancyDavolio;38;C?te de Blaye;15810,00
1;1998;Nancy;Davolio;NancyDavolio;39;Chartreuse verte;774,00
1;1998;Nancy;Davolio;NancyDavolio;40;Boston Crab Meat;92,00
1;1998;Nancy;Davolio;NancyDavolio;41;Jack's New England Clam Chowder;279,85
1;1998;Nancy;Davolio;NancyDavolio;43;Ipoh Coffee;1610,00
1;1998;Nancy;Davolio;NancyDavolio;46;Spegesild;564,00
1;1998;Nancy;Davolio;NancyDavolio;47;Zaanse koeken;47,50
1;1998;Nancy;Davolio;NancyDavolio;49;Maxilaku;1400,00
1;1998;Nancy;Davolio;NancyDavolio;51;Manjimup Dried Apples;1378,00
1;1998;Nancy;Davolio;NancyDavolio;52;Filo Mix;28,00
1;1998;Nancy;Davolio;NancyDavolio;53;Perth Pasties;1476,00
1;1998;Nancy;Davolio;NancyDavolio;54;Tourtière;260,75
1;1998;Nancy;Davolio;NancyDavolio;55;Paté chinois;864,00
1;1998;Nancy;Davolio;NancyDavolio;57;Ravioli Angelo;936,00
1;1998;Nancy;Davolio;NancyDavolio;59;Raclette Courdavault;825,00
1;1998;Nancy;Davolio;NancyDavolio;60;Camembert Pierrot;1428,00
1;1998;Nancy;Davolio;NancyDavolio;61;Sirop d'érable;142,50
1;1998;Nancy;Davolio;NancyDavolio;62;Tarte au sucre;1331,10
1;1998;Nancy;Davolio;NancyDavolio;63;Vegie-spread;1756,00
1;1998;Nancy;Davolio;NancyDavolio;64;Wimmers gute Semmelkn?del;1197,00
1;1998;Nancy;Davolio;NancyDavolio;66;Louisiana Hot Spiced Okra;17,00
1;1998;Nancy;Davolio;NancyDavolio;68;Scottish Longbreads;1162,50
1;1998;Nancy;Davolio;NancyDavolio;69;Gudbrandsdalsost;1800,00
1;1998;Nancy;Davolio;NancyDavolio;70;Outback Lager;975,00
1;1998;Nancy;Davolio;NancyDavolio;71;Flotemysost;1935,00
1;1998;Nancy;Davolio;NancyDavolio;72;Mozzarella di Giovanni;69,60
1;1998;Nancy;Davolio;NancyDavolio;73;R?d Kaviar;30,00
1;1998;Nancy;Davolio;NancyDavolio;75;Rh?nbr?u Klosterbier;1038,50
1;1998;Nancy;Davolio;NancyDavolio;76;Lakkalik??ri;1710,00
1;1998;Nancy;Davolio;NancyDavolio;77;Original Frankfurter grüne So?e;1092,00
1;1997;Nancy;Davolio;NancyDavolio;1;Chai;630,00
1;1997;Nancy;Davolio;NancyDavolio;2;Chang;798,00
1;1997;Nancy;Davolio;NancyDavolio;3;Aniseed Syrup;540,00
1;1997;Nancy;Davolio;NancyDavolio;6;Grandma's Boysenberry Spread;1750,00
1;1997;Nancy;Davolio;NancyDavolio;7;Uncle Bob's Organic Dried Pears;600,00
1;1997;Nancy;Davolio;NancyDavolio;8;Northwoods Cranberry Sauce;1600,00
1;1997;Nancy;Davolio;NancyDavolio;10;Ikura;3844,00
1;1997;Nancy;Davolio;NancyDavolio;11;Queso Cabrales;1449,00
1;1997;Nancy;Davolio;NancyDavolio;12;Queso Manchego La Pastora;1368,00
1;1997;Nancy;Davolio;NancyDavolio;13;Konbu;96,00
1;1997;Nancy;Davolio;NancyDavolio;14;Tofu;372,00
1;1997;Nancy;Davolio;NancyDavolio;15;Genen Shouyu;155,00
1;1997;Nancy;Davolio;NancyDavolio;16;Pavlova;2929,50
1;1997;Nancy;Davolio;NancyDavolio;17;Alice Mutton;1287,00
1;1997;Nancy;Davolio;NancyDavolio;18;Carnarvon Tigers;1875,00
1;1997;Nancy;Davolio;NancyDavolio;19;Teatime Chocolate Biscuits;506,00
1;1997;Nancy;Davolio;NancyDavolio;21;Sir Rodney's Scones;640,00
1;1997;Nancy;Davolio;NancyDavolio;24;Guaraná Fantástica;90,00
1;1997;Nancy;Davolio;NancyDavolio;26;Gumb?r Gummib?rchen;2061,18
1;1997;Nancy;Davolio;NancyDavolio;27;Schoggi Schokolade;2195,00
1;1997;Nancy;Davolio;NancyDavolio;28;R?ssle Sauerkraut;912,00
1;1997;Nancy;Davolio;NancyDavolio;29;Thüringer Rostbratwurst;3861,00
1;1997;Nancy;Davolio;NancyDavolio;30;Nord-Ost Matjeshering;1211,10
1;1997;Nancy;Davolio;NancyDavolio;31;Gorgonzola Telino;2550,00
1;1997;Nancy;Davolio;NancyDavolio;33;Geitost;94,00
1;1997;Nancy;Davolio;NancyDavolio;35;Steeleye Stout;1674,00
1;1997;Nancy;Davolio;NancyDavolio;36;Inlagd Sill;2375,00
1;1997;Nancy;Davolio;NancyDavolio;38;C?te de Blaye;3952,50
1;1997;Nancy;Davolio;NancyDavolio;39;Chartreuse verte;180,00
1;1997;Nancy;Davolio;NancyDavolio;40;Boston Crab Meat;717,00
1;1997;Nancy;Davolio;NancyDavolio;41;Jack's New England Clam Chowder;193,00
1;1997;Nancy;Davolio;NancyDavolio;42;Singaporean Hokkien Fried Mee;1120,00
1;1997;Nancy;Davolio;NancyDavolio;43;Ipoh Coffee;2760,00
1;1997;Nancy;Davolio;NancyDavolio;44;Gula Malacca;31,00
1;1997;Nancy;Davolio;NancyDavolio;45;Rogede sild;1529,50
1;1997;Nancy;Davolio;NancyDavolio;46;Spegesild;624,00
1;1997;Nancy;Davolio;NancyDavolio;47;Zaanse koeken;285,00
1;1997;Nancy;Davolio;NancyDavolio;48;Chocolade;229,50
1;1997;Nancy;Davolio;NancyDavolio;49;Maxilaku;840,00
1;1997;Nancy;Davolio;NancyDavolio;50;Valkoinen suklaa;325,00
1;1997;Nancy;Davolio;NancyDavolio;51;Manjimup Dried Apples;12031,00
1;1997;Nancy;Davolio;NancyDavolio;52;Filo Mix;385,00
1;1997;Nancy;Davolio;NancyDavolio;53;Perth Pasties;984,00
1;1997;Nancy;Davolio;NancyDavolio;54;Tourtière;849,30
1;1997;Nancy;Davolio;NancyDavolio;55;Paté chinois;1536,00
1;1997;Nancy;Davolio;NancyDavolio;56;Gnocchi di nonna Alice;4636,00
1;1997;Nancy;Davolio;NancyDavolio;58;Escargots de Bourgogne;265,00
1;1997;Nancy;Davolio;NancyDavolio;59;Raclette Courdavault;3355,00
1;1997;Nancy;Davolio;NancyDavolio;60;Camembert Pierrot;5440,00
1;1997;Nancy;Davolio;NancyDavolio;62;Tarte au sucre;4387,70
1;1997;Nancy;Davolio;NancyDavolio;63;Vegie-spread;1317,00
1;1997;Nancy;Davolio;NancyDavolio;64;Wimmers gute Semmelkn?del;498,75
1;1997;Nancy;Davolio;NancyDavolio;65;Louisiana Fiery Hot Pepper Sauce;904,35
1;1997;Nancy;Davolio;NancyDavolio;68;Scottish Longbreads;600,00
1;1997;Nancy;Davolio;NancyDavolio;69;Gudbrandsdalsost;2340,00
1;1997;Nancy;Davolio;NancyDavolio;70;Outback Lager;525,00
1;1997;Nancy;Davolio;NancyDavolio;71;Flotemysost;2506,90
1;1997;Nancy;Davolio;NancyDavolio;72;Mozzarella di Giovanni;730,80
1;1997;Nancy;Davolio;NancyDavolio;73;R?d Kaviar;180,00
1;1997;Nancy;Davolio;NancyDavolio;74;Longlife Tofu;128,00
1;1997;Nancy;Davolio;NancyDavolio;75;Rh?nbr?u Klosterbier;604,50
1;1997;Nancy;Davolio;NancyDavolio;76;Lakkalik??ri;2430,00
1;1997;Nancy;Davolio;NancyDavolio;77;Original Frankfurter grüne So?e;650,00
1;1996;Nancy;Davolio;NancyDavolio;1;Chai;648,00
1;1996;Nancy;Davolio;NancyDavolio;2;Chang;1140,00
1;1996;Nancy;Davolio;NancyDavolio;5;Chef Anton's Gumbo Mix;1105,00
1;1996;Nancy;Davolio;NancyDavolio;6;Grandma's Boysenberry Spread;120,00
1;1996;Nancy;Davolio;NancyDavolio;7;Uncle Bob's Organic Dried Pears;240,00
1;1996;Nancy;Davolio;NancyDavolio;10;Ikura;744,00
1;1996;Nancy;Davolio;NancyDavolio;13;Konbu;105,60
1;1996;Nancy;Davolio;NancyDavolio;14;Tofu;948,60
1;1996;Nancy;Davolio;NancyDavolio;18;Carnarvon Tigers;1600,00
1;1996;Nancy;Davolio;NancyDavolio;20;Sir Rodney's Marmalade;1296,00
1;1996;Nancy;Davolio;NancyDavolio;23;Tunnbr?d;288,00
1;1996;Nancy;Davolio;NancyDavolio;24;Guaraná Fantástica;133,20
1;1996;Nancy;Davolio;NancyDavolio;25;NuNuCa Nu?-Nougat-Creme;78,40
1;1996;Nancy;Davolio;NancyDavolio;26;Gumb?r Gummib?rchen;2141,40
1;1996;Nancy;Davolio;NancyDavolio;28;R?ssle Sauerkraut;946,40
1;1996;Nancy;Davolio;NancyDavolio;30;Nord-Ost Matjeshering;207,00
1;1996;Nancy;Davolio;NancyDavolio;31;Gorgonzola Telino;1080,00
1;1996;Nancy;Davolio;NancyDavolio;32;Mascarpone Fabioli;1177,60
1;1996;Nancy;Davolio;NancyDavolio;36;Inlagd Sill;547,20
1;1996;Nancy;Davolio;NancyDavolio;38;C?te de Blaye;4216,00
1;1996;Nancy;Davolio;NancyDavolio;39;Chartreuse verte;1065,60
1;1996;Nancy;Davolio;NancyDavolio;40;Boston Crab Meat;588,00
1;1996;Nancy;Davolio;NancyDavolio;41;Jack's New England Clam Chowder;269,50
1;1996;Nancy;Davolio;NancyDavolio;42;Singaporean Hokkien Fried Mee;67,20
1;1996;Nancy;Davolio;NancyDavolio;43;Ipoh Coffee;2392,00
1;1996;Nancy;Davolio;NancyDavolio;44;Gula Malacca;1193,50
1;1996;Nancy;Davolio;NancyDavolio;49;Maxilaku;480,00
1;1996;Nancy;Davolio;NancyDavolio;53;Perth Pasties;1205,20
1;1996;Nancy;Davolio;NancyDavolio;54;Tourtière;29,50
1;1996;Nancy;Davolio;NancyDavolio;58;Escargots de Bourgogne;477,00
1;1996;Nancy;Davolio;NancyDavolio;59;Raclette Courdavault;1232,00
1;1996;Nancy;Davolio;NancyDavolio;60;Camembert Pierrot;2257,60
1;1996;Nancy;Davolio;NancyDavolio;62;Tarte au sucre;4137,00
1;1996;Nancy;Davolio;NancyDavolio;63;Vegie-spread;175,50
1;1996;Nancy;Davolio;NancyDavolio;65;Louisiana Fiery Hot Pepper Sauce;168,00
1;1996;Nancy;Davolio;NancyDavolio;68;Scottish Longbreads;80,00
1;1996;Nancy;Davolio;NancyDavolio;69;Gudbrandsdalsost;1065,60
1;1996;Nancy;Davolio;NancyDavolio;71;Flotemysost;1410,40
1;1996;Nancy;Davolio;NancyDavolio;72;Mozzarella di Giovanni;1695,80
1;1996;Nancy;Davolio;NancyDavolio;75;Rh?nbr?u Klosterbier;37,20
2;1998;Andrew;Fuller;AndrewFuller;1;Chai;936,00
2;1998;Andrew;Fuller;AndrewFuller;2;Chang;570,00
2;1998;Andrew;Fuller;AndrewFuller;4;Chef Anton's Cajun Seasoning;1012,00
2;1998;Andrew;Fuller;AndrewFuller;6;Grandma's Boysenberry Spread;1300,00
2;1998;Andrew;Fuller;AndrewFuller;7;Uncle Bob's Organic Dried Pears;3150,00
2;1998;Andrew;Fuller;AndrewFuller;10;Ikura;1674,00
2;1998;Andrew;Fuller;AndrewFuller;11;Queso Cabrales;1365,00
2;1998;Andrew;Fuller;AndrewFuller;13;Konbu;744,00
2;1998;Andrew;Fuller;AndrewFuller;16;Pavlova;1570,50
2;1998;Andrew;Fuller;AndrewFuller;17;Alice Mutton;1092,00
2;1998;Andrew;Fuller;AndrewFuller;18;Carnarvon Tigers;2687,50
2;1998;Andrew;Fuller;AndrewFuller;19;Teatime Chocolate Biscuits;110,40
2;1998;Andrew;Fuller;AndrewFuller;21;Sir Rodney's Scones;650,00
2;1998;Andrew;Fuller;AndrewFuller;22;Gustaf's Kn?ckebr?d;525,00
2;1998;Andrew;Fuller;AndrewFuller;23;Tunnbr?d;90,00
2;1998;Andrew;Fuller;AndrewFuller;24;Guaraná Fantástica;324,00
2;1998;Andrew;Fuller;AndrewFuller;25;NuNuCa Nu?-Nougat-Creme;546,00
2;1998;Andrew;Fuller;AndrewFuller;27;Schoggi Schokolade;439,00
2;1998;Andrew;Fuller;AndrewFuller;29;Thüringer Rostbratwurst;9160,46
2;1998;Andrew;Fuller;AndrewFuller;30;Nord-Ost Matjeshering;388,35
2;1998;Andrew;Fuller;AndrewFuller;31;Gorgonzola Telino;250,00
2;1998;Andrew;Fuller;AndrewFuller;32;Mascarpone Fabioli;1760,00
2;1998;Andrew;Fuller;AndrewFuller;33;Geitost;115,00
2;1998;Andrew;Fuller;AndrewFuller;34;Sasquatch Ale;840,00
2;1998;Andrew;Fuller;AndrewFuller;35;Steeleye Stout;1080,00
2;1998;Andrew;Fuller;AndrewFuller;36;Inlagd Sill;1007,00
2;1998;Andrew;Fuller;AndrewFuller;38;C?te de Blaye;22397,50
2;1998;Andrew;Fuller;AndrewFuller;39;Chartreuse verte;1440,00
2;1998;Andrew;Fuller;AndrewFuller;40;Boston Crab Meat;368,00
2;1998;Andrew;Fuller;AndrewFuller;41;Jack's New England Clam Chowder;308,80
2;1998;Andrew;Fuller;AndrewFuller;42;Singaporean Hokkien Fried Mee;476,00
2;1998;Andrew;Fuller;AndrewFuller;43;Ipoh Coffee;736,00
2;1998;Andrew;Fuller;AndrewFuller;44;Gula Malacca;602,95
2;1998;Andrew;Fuller;AndrewFuller;45;Rogede sild;190,00
2;1998;Andrew;Fuller;AndrewFuller;46;Spegesild;300,00
2;1998;Andrew;Fuller;AndrewFuller;49;Maxilaku;800,00
2;1998;Andrew;Fuller;AndrewFuller;54;Tourtière;149,00
2;1998;Andrew;Fuller;AndrewFuller;55;Paté chinois;2544,00
2;1998;Andrew;Fuller;AndrewFuller;56;Gnocchi di nonna Alice;760,00
2;1998;Andrew;Fuller;AndrewFuller;57;Ravioli Angelo;292,50
2;1998;Andrew;Fuller;AndrewFuller;59;Raclette Courdavault;4510,00
2;1998;Andrew;Fuller;AndrewFuller;60;Camembert Pierrot;1632,00
2;1998;Andrew;Fuller;AndrewFuller;61;Sirop d'érable;1995,00
2;1998;Andrew;Fuller;AndrewFuller;62;Tarte au sucre;2958,00
2;1998;Andrew;Fuller;AndrewFuller;64;Wimmers gute Semmelkn?del;931,00
2;1998;Andrew;Fuller;AndrewFuller;67;Laughing Lumberjack Lager;560,00
2;1998;Andrew;Fuller;AndrewFuller;68;Scottish Longbreads;25,00
2;1998;Andrew;Fuller;AndrewFuller;70;Outback Lager;585,00
2;1998;Andrew;Fuller;AndrewFuller;74;Longlife Tofu;200,00
2;1998;Andrew;Fuller;AndrewFuller;75;Rh?nbr?u Klosterbier;155,00
2;1998;Andrew;Fuller;AndrewFuller;76;Lakkalik??ri;900,00
2;1998;Andrew;Fuller;AndrewFuller;77;Original Frankfurter grüne So?e;754,00
2;1997;Andrew;Fuller;AndrewFuller;1;Chai;684,00
2;1997;Andrew;Fuller;AndrewFuller;2;Chang;285,00
2;1997;Andrew;Fuller;AndrewFuller;6;Grandma's Boysenberry Spread;750,00
2;1997;Andrew;Fuller;AndrewFuller;7;Uncle Bob's Organic Dried Pears;720,00
2;1997;Andrew;Fuller;AndrewFuller;9;Mishi Kobe Niku;1552,00
2;1997;Andrew;Fuller;AndrewFuller;10;Ikura;558,00
2;1997;Andrew;Fuller;AndrewFuller;11;Queso Cabrales;819,00
2;1997;Andrew;Fuller;AndrewFuller;13;Konbu;28,80
2;1997;Andrew;Fuller;AndrewFuller;15;Genen Shouyu;775,00
2;1997;Andrew;Fuller;AndrewFuller;16;Pavlova;1221,50
2;1997;Andrew;Fuller;AndrewFuller;17;Alice Mutton;1950,00
2;1997;Andrew;Fuller;AndrewFuller;18;Carnarvon Tigers;4062,50
2;1997;Andrew;Fuller;AndrewFuller;19;Teatime Chocolate Biscuits;232,30
2;1997;Andrew;Fuller;AndrewFuller;22;Gustaf's Kn?ckebr?d;504,00
2;1997;Andrew;Fuller;AndrewFuller;23;Tunnbr?d;151,20
2;1997;Andrew;Fuller;AndrewFuller;24;Guaraná Fantástica;180,00
2;1997;Andrew;Fuller;AndrewFuller;26;Gumb?r Gummib?rchen;2012,25
2;1997;Andrew;Fuller;AndrewFuller;27;Schoggi Schokolade;5268,00
2;1997;Andrew;Fuller;AndrewFuller;29;Thüringer Rostbratwurst;8665,30
2;1997;Andrew;Fuller;AndrewFuller;30;Nord-Ost Matjeshering;388,35
2;1997;Andrew;Fuller;AndrewFuller;31;Gorgonzola Telino;375,00
2;1997;Andrew;Fuller;AndrewFuller;33;Geitost;140,00
2;1997;Andrew;Fuller;AndrewFuller;34;Sasquatch Ale;140,00
2;1997;Andrew;Fuller;AndrewFuller;35;Steeleye Stout;648,00
2;1997;Andrew;Fuller;AndrewFuller;36;Inlagd Sill;1045,00
2;1997;Andrew;Fuller;AndrewFuller;38;C?te de Blaye;3689,00
2;1997;Andrew;Fuller;AndrewFuller;40;Boston Crab Meat;552,00
2;1997;Andrew;Fuller;AndrewFuller;41;Jack's New England Clam Chowder;1119,40
2;1997;Andrew;Fuller;AndrewFuller;42;Singaporean Hokkien Fried Mee;2632,00
2;1997;Andrew;Fuller;AndrewFuller;43;Ipoh Coffee;2116,00
2;1997;Andrew;Fuller;AndrewFuller;44;Gula Malacca;1069,75
2;1997;Andrew;Fuller;AndrewFuller;45;Rogede sild;199,50
2;1997;Andrew;Fuller;AndrewFuller;46;Spegesild;540,00
2;1997;Andrew;Fuller;AndrewFuller;47;Zaanse koeken;95,00
2;1997;Andrew;Fuller;AndrewFuller;49;Maxilaku;480,00
2;1997;Andrew;Fuller;AndrewFuller;51;Manjimup Dried Apples;3710,00
2;1997;Andrew;Fuller;AndrewFuller;52;Filo Mix;588,00
2;1997;Andrew;Fuller;AndrewFuller;53;Perth Pasties;196,80
2;1997;Andrew;Fuller;AndrewFuller;54;Tourtière;163,95
2;1997;Andrew;Fuller;AndrewFuller;55;Paté chinois;120,00
2;1997;Andrew;Fuller;AndrewFuller;56;Gnocchi di nonna Alice;3458,00
2;1997;Andrew;Fuller;AndrewFuller;59;Raclette Courdavault;2134,00
2;1997;Andrew;Fuller;AndrewFuller;60;Camembert Pierrot;4692,00
2;1997;Andrew;Fuller;AndrewFuller;61;Sirop d'érable;3420,00
2;1997;Andrew;Fuller;AndrewFuller;62;Tarte au sucre;2465,00
2;1997;Andrew;Fuller;AndrewFuller;65;Louisiana Fiery Hot Pepper Sauce;757,80
2;1997;Andrew;Fuller;AndrewFuller;67;Laughing Lumberjack Lager;420,00
2;1997;Andrew;Fuller;AndrewFuller;69;Gudbrandsdalsost;3888,00
2;1997;Andrew;Fuller;AndrewFuller;70;Outback Lager;525,00
2;1997;Andrew;Fuller;AndrewFuller;71;Flotemysost;451,50
2;1997;Andrew;Fuller;AndrewFuller;72;Mozzarella di Giovanni;1183,20
2;1997;Andrew;Fuller;AndrewFuller;74;Longlife Tofu;350,00
2;1997;Andrew;Fuller;AndrewFuller;75;Rh?nbr?u Klosterbier;232,50
2;1997;Andrew;Fuller;AndrewFuller;76;Lakkalik??ri;360,00
2;1997;Andrew;Fuller;AndrewFuller;77;Original Frankfurter grüne So?e;195,00
2;1996;Andrew;Fuller;AndrewFuller;2;Chang;380,00
2;1996;Andrew;Fuller;AndrewFuller;4;Chef Anton's Cajun Seasoning;176,00
2;1996;Andrew;Fuller;AndrewFuller;8;Northwoods Cranberry Sauce;2240,00
2;1996;Andrew;Fuller;AndrewFuller;11;Queso Cabrales;840,00
2;1996;Andrew;Fuller;AndrewFuller;17;Alice Mutton;3120,00
2;1996;Andrew;Fuller;AndrewFuller;19;Teatime Chocolate Biscuits;584,00
2;1996;Andrew;Fuller;AndrewFuller;21;Sir Rodney's Scones;40,00
2;1996;Andrew;Fuller;AndrewFuller;24;Guaraná Fantástica;43,20
2;1996;Andrew;Fuller;AndrewFuller;28;R?ssle Sauerkraut;1346,80
2;1996;Andrew;Fuller;AndrewFuller;30;Nord-Ost Matjeshering;724,50
2;1996;Andrew;Fuller;AndrewFuller;35;Steeleye Stout;432,00
2;1996;Andrew;Fuller;AndrewFuller;36;Inlagd Sill;182,40
2;1996;Andrew;Fuller;AndrewFuller;41;Jack's New England Clam Chowder;61,60
2;1996;Andrew;Fuller;AndrewFuller;42;Singaporean Hokkien Fried Mee;100,80
2;1996;Andrew;Fuller;AndrewFuller;43;Ipoh Coffee;883,20
2;1996;Andrew;Fuller;AndrewFuller;45;Rogede sild;114,00
2;1996;Andrew;Fuller;AndrewFuller;52;Filo Mix;112,00
2;1996;Andrew;Fuller;AndrewFuller;53;Perth Pasties;1572,00
2;1996;Andrew;Fuller;AndrewFuller;55;Paté chinois;2688,00
2;1996;Andrew;Fuller;AndrewFuller;56;Gnocchi di nonna Alice;121,60
2;1996;Andrew;Fuller;AndrewFuller;57;Ravioli Angelo;390,00
2;1996;Andrew;Fuller;AndrewFuller;58;Escargots de Bourgogne;318,00
2;1996;Andrew;Fuller;AndrewFuller;62;Tarte au sucre;1970,00
2;1996;Andrew;Fuller;AndrewFuller;63;Vegie-spread;561,60
2;1996;Andrew;Fuller;AndrewFuller;64;Wimmers gute Semmelkn?del;931,00
2;1996;Andrew;Fuller;AndrewFuller;65;Louisiana Fiery Hot Pepper Sauce;336,00
2;1996;Andrew;Fuller;AndrewFuller;66;Louisiana Hot Spiced Okra;408,00
2;1996;Andrew;Fuller;AndrewFuller;68;Scottish Longbreads;230,00
2;1996;Andrew;Fuller;AndrewFuller;69;Gudbrandsdalsost;1440,00
2;1996;Andrew;Fuller;AndrewFuller;70;Outback Lager;240,00
2;1996;Andrew;Fuller;AndrewFuller;75;Rh?nbr?u Klosterbier;248,00
3;1998;Janet;Leverling;JanetLeverling;1;Chai;1548,00
3;1998;Janet;Leverling;JanetLeverling;2;Chang;1349,00
3;1998;Janet;Leverling;JanetLeverling;6;Grandma's Boysenberry Spread;500,00
3;1998;Janet;Leverling;JanetLeverling;7;Uncle Bob's Organic Dried Pears;1800,00
3;1998;Janet;Leverling;JanetLeverling;10;Ikura;3720,00
3;1998;Janet;Leverling;JanetLeverling;12;Queso Manchego La Pastora;152,00
3;1998;Janet;Leverling;JanetLeverling;13;Konbu;750,00
3;1998;Janet;Leverling;JanetLeverling;16;Pavlova;872,50
3;1998;Janet;Leverling;JanetLeverling;17;Alice Mutton;468,00
3;1998;Janet;Leverling;JanetLeverling;18;Carnarvon Tigers;1937,50
3;1998;Janet;Leverling;JanetLeverling;19;Teatime Chocolate Biscuits;18,40
3;1998;Janet;Leverling;JanetLeverling;20;Sir Rodney's Marmalade;1215,00
3;1998;Janet;Leverling;JanetLeverling;24;Guaraná Fantástica;540,00
3;1998;Janet;Leverling;JanetLeverling;26;Gumb?r Gummib?rchen;3404,07
3;1998;Janet;Leverling;JanetLeverling;28;R?ssle Sauerkraut;1368,00
3;1998;Janet;Leverling;JanetLeverling;29;Thüringer Rostbratwurst;10150,78
3;1998;Janet;Leverling;JanetLeverling;30;Nord-Ost Matjeshering;932,04
3;1998;Janet;Leverling;JanetLeverling;31;Gorgonzola Telino;175,00
3;1998;Janet;Leverling;JanetLeverling;34;Sasquatch Ale;420,00
3;1998;Janet;Leverling;JanetLeverling;35;Steeleye Stout;144,00
3;1998;Janet;Leverling;JanetLeverling;36;Inlagd Sill;1995,00
3;1998;Janet;Leverling;JanetLeverling;38;C?te de Blaye;11330,50
3;1998;Janet;Leverling;JanetLeverling;39;Chartreuse verte;810,00
3;1998;Janet;Leverling;JanetLeverling;40;Boston Crab Meat;3919,20
3;1998;Janet;Leverling;JanetLeverling;41;Jack's New England Clam Chowder;714,10
3;1998;Janet;Leverling;JanetLeverling;42;Singaporean Hokkien Fried Mee;280,00
3;1998;Janet;Leverling;JanetLeverling;43;Ipoh Coffee;3818,00
3;1998;Janet;Leverling;JanetLeverling;48;Chocolade;102,00
3;1998;Janet;Leverling;JanetLeverling;50;Valkoinen suklaa;146,25
3;1998;Janet;Leverling;JanetLeverling;51;Manjimup Dried Apples;4611,00
3;1998;Janet;Leverling;JanetLeverling;52;Filo Mix;154,00
3;1998;Janet;Leverling;JanetLeverling;55;Paté chinois;96,00
3;1998;Janet;Leverling;JanetLeverling;56;Gnocchi di nonna Alice;2052,00
3;1998;Janet;Leverling;JanetLeverling;58;Escargots de Bourgogne;1126,25
3;1998;Janet;Leverling;JanetLeverling;59;Raclette Courdavault;220,00
3;1998;Janet;Leverling;JanetLeverling;60;Camembert Pierrot;5916,00
3;1998;Janet;Leverling;JanetLeverling;61;Sirop d'érable;1140,00
3;1998;Janet;Leverling;JanetLeverling;62;Tarte au sucre;4930,00
3;1998;Janet;Leverling;JanetLeverling;63;Vegie-spread;1756,00
3;1998;Janet;Leverling;JanetLeverling;65;Louisiana Fiery Hot Pepper Sauce;968,30
3;1998;Janet;Leverling;JanetLeverling;67;Laughing Lumberjack Lager;210,00
3;1998;Janet;Leverling;JanetLeverling;68;Scottish Longbreads;250,00
3;1998;Janet;Leverling;JanetLeverling;69;Gudbrandsdalsost;360,00
3;1998;Janet;Leverling;JanetLeverling;70;Outback Lager;45,00
3;1998;Janet;Leverling;JanetLeverling;71;Flotemysost;1182,50
3;1998;Janet;Leverling;JanetLeverling;72;Mozzarella di Giovanni;1740,00
3;1998;Janet;Leverling;JanetLeverling;75;Rh?nbr?u Klosterbier;46,50
3;1998;Janet;Leverling;JanetLeverling;76;Lakkalik??ri;648,00
3;1997;Janet;Leverling;JanetLeverling;1;Chai;615,60
3;1997;Janet;Leverling;JanetLeverling;2;Chang;380,00
3;1997;Janet;Leverling;JanetLeverling;3;Aniseed Syrup;800,00
3;1997;Janet;Leverling;JanetLeverling;9;Mishi Kobe Niku;2134,00
3;1997;Janet;Leverling;JanetLeverling;10;Ikura;1153,20
3;1997;Janet;Leverling;JanetLeverling;11;Queso Cabrales;919,80
3;1997;Janet;Leverling;JanetLeverling;12;Queso Manchego La Pastora;570,00
3;1997;Janet;Leverling;JanetLeverling;13;Konbu;9,60
3;1997;Janet;Leverling;JanetLeverling;14;Tofu;292,95
3;1997;Janet;Leverling;JanetLeverling;15;Genen Shouyu;387,50
3;1997;Janet;Leverling;JanetLeverling;16;Pavlova;558,40
3;1997;Janet;Leverling;JanetLeverling;17;Alice Mutton;1934,40
3;1997;Janet;Leverling;JanetLeverling;18;Carnarvon Tigers;250,00
3;1997;Janet;Leverling;JanetLeverling;19;Teatime Chocolate Biscuits;449,90
3;1997;Janet;Leverling;JanetLeverling;20;Sir Rodney's Marmalade;3159,00
3;1997;Janet;Leverling;JanetLeverling;21;Sir Rodney's Scones;1148,00
3;1997;Janet;Leverling;JanetLeverling;22;Gustaf's Kn?ckebr?d;1050,00
3;1997;Janet;Leverling;JanetLeverling;23;Tunnbr?d;468,00
3;1997;Janet;Leverling;JanetLeverling;24;Guaraná Fantástica;90,00
3;1997;Janet;Leverling;JanetLeverling;25;NuNuCa Nu?-Nougat-Creme;672,00
3;1997;Janet;Leverling;JanetLeverling;26;Gumb?r Gummib?rchen;4151,49
3;1997;Janet;Leverling;JanetLeverling;27;Schoggi Schokolade;1755,00
3;1997;Janet;Leverling;JanetLeverling;28;R?ssle Sauerkraut;1596,00
3;1997;Janet;Leverling;JanetLeverling;29;Thüringer Rostbratwurst;2228,22
3;1997;Janet;Leverling;JanetLeverling;30;Nord-Ost Matjeshering;942,30
3;1997;Janet;Leverling;JanetLeverling;31;Gorgonzola Telino;1125,00
3;1997;Janet;Leverling;JanetLeverling;32;Mascarpone Fabioli;1408,00
3;1997;Janet;Leverling;JanetLeverling;33;Geitost;288,00
3;1997;Janet;Leverling;JanetLeverling;34;Sasquatch Ale;532,00
3;1997;Janet;Leverling;JanetLeverling;35;Steeleye Stout;277,20
3;1997;Janet;Leverling;JanetLeverling;36;Inlagd Sill;1254,00
3;1997;Janet;Leverling;JanetLeverling;38;C?te de Blaye;14229,00
3;1997;Janet;Leverling;JanetLeverling;39;Chartreuse verte;374,40
3;1997;Janet;Leverling;JanetLeverling;40;Boston Crab Meat;2171,00
3;1997;Janet;Leverling;JanetLeverling;41;Jack's New England Clam Chowder;1041,20
3;1997;Janet;Leverling;JanetLeverling;42;Singaporean Hokkien Fried Mee;294,00
3;1997;Janet;Leverling;JanetLeverling;43;Ipoh Coffee;2622,00
3;1997;Janet;Leverling;JanetLeverling;44;Gula Malacca;602,95
3;1997;Janet;Leverling;JanetLeverling;45;Rogede sild;228,00
3;1997;Janet;Leverling;JanetLeverling;46;Spegesild;300,00
3;1997;Janet;Leverling;JanetLeverling;47;Zaanse koeken;779,00
3;1997;Janet;Leverling;JanetLeverling;50;Valkoinen suklaa;845,00
3;1997;Janet;Leverling;JanetLeverling;51;Manjimup Dried Apples;1611,20
3;1997;Janet;Leverling;JanetLeverling;52;Filo Mix;1029,00
3;1997;Janet;Leverling;JanetLeverling;53;Perth Pasties;832,00
3;1997;Janet;Leverling;JanetLeverling;54;Tourtière;1243,50
3;1997;Janet;Leverling;JanetLeverling;56;Gnocchi di nonna Alice;11491,20
3;1997;Janet;Leverling;JanetLeverling;57;Ravioli Angelo;312,00
3;1997;Janet;Leverling;JanetLeverling;58;Escargots de Bourgogne;795,00
3;1997;Janet;Leverling;JanetLeverling;59;Raclette Courdavault;4939,00
3;1997;Janet;Leverling;JanetLeverling;60;Camembert Pierrot;4760,00
3;1997;Janet;Leverling;JanetLeverling;61;Sirop d'érable;1140,00
3;1997;Janet;Leverling;JanetLeverling;62;Tarte au sucre;4828,40
3;1997;Janet;Leverling;JanetLeverling;63;Vegie-spread;1228,50
3;1997;Janet;Leverling;JanetLeverling;64;Wimmers gute Semmelkn?del;3690,75
3;1997;Janet;Leverling;JanetLeverling;65;Louisiana Fiery Hot Pepper Sauce;2989,10
3;1997;Janet;Leverling;JanetLeverling;66;Louisiana Hot Spiced Okra;884,00
3;1997;Janet;Leverling;JanetLeverling;68;Scottish Longbreads;1062,50
3;1997;Janet;Leverling;JanetLeverling;69;Gudbrandsdalsost;1944,00
3;1997;Janet;Leverling;JanetLeverling;70;Outback Lager;1236,00
3;1997;Janet;Leverling;JanetLeverling;71;Flotemysost;2193,00
3;1997;Janet;Leverling;JanetLeverling;72;Mozzarella di Giovanni;3306,00
3;1997;Janet;Leverling;JanetLeverling;73;R?d Kaviar;690,00
3;1997;Janet;Leverling;JanetLeverling;74;Longlife Tofu;200,00
3;1997;Janet;Leverling;JanetLeverling;75;Rh?nbr?u Klosterbier;1272,55
3;1997;Janet;Leverling;JanetLeverling;76;Lakkalik??ri;1972,80
3;1997;Janet;Leverling;JanetLeverling;77;Original Frankfurter grüne So?e;52,00
3;1996;Janet;Leverling;JanetLeverling;4;Chef Anton's Cajun Seasoning;352,00
3;1996;Janet;Leverling;JanetLeverling;6;Grandma's Boysenberry Spread;600,00
3;1996;Janet;Leverling;JanetLeverling;10;Ikura;595,20
3;1996;Janet;Leverling;JanetLeverling;11;Queso Cabrales;403,20
3;1996;Janet;Leverling;JanetLeverling;12;Queso Manchego La Pastora;364,80
3;1996;Janet;Leverling;JanetLeverling;13;Konbu;86,40
3;1996;Janet;Leverling;JanetLeverling;14;Tofu;279,00
3;1996;Janet;Leverling;JanetLeverling;15;Genen Shouyu;248,00
3;1996;Janet;Leverling;JanetLeverling;17;Alice Mutton;1123,20
3;1996;Janet;Leverling;JanetLeverling;18;Carnarvon Tigers;2000,00
3;1996;Janet;Leverling;JanetLeverling;19;Teatime Chocolate Biscuits;131,40
3;1996;Janet;Leverling;JanetLeverling;20;Sir Rodney's Marmalade;1814,40
3;1996;Janet;Leverling;JanetLeverling;22;Gustaf's Kn?ckebr?d;100,80
3;1996;Janet;Leverling;JanetLeverling;24;Guaraná Fantástica;36,00
3;1996;Janet;Leverling;JanetLeverling;25;NuNuCa Nu?-Nougat-Creme;560,00
3;1996;Janet;Leverling;JanetLeverling;26;Gumb?r Gummib?rchen;1245,00
3;1996;Janet;Leverling;JanetLeverling;31;Gorgonzola Telino;350,00
3;1996;Janet;Leverling;JanetLeverling;33;Geitost;40,00
3;1996;Janet;Leverling;JanetLeverling;35;Steeleye Stout;144,00
3;1996;Janet;Leverling;JanetLeverling;39;Chartreuse verte;604,80
3;1996;Janet;Leverling;JanetLeverling;40;Boston Crab Meat;882,00
3;1996;Janet;Leverling;JanetLeverling;42;Singaporean Hokkien Fried Mee;134,40
3;1996;Janet;Leverling;JanetLeverling;43;Ipoh Coffee;736,00
3;1996;Janet;Leverling;JanetLeverling;47;Zaanse koeken;121,60
3;1996;Janet;Leverling;JanetLeverling;49;Maxilaku;640,00
3;1996;Janet;Leverling;JanetLeverling;51;Manjimup Dried Apples;848,00
3;1996;Janet;Leverling;JanetLeverling;53;Perth Pasties;393,00
3;1996;Janet;Leverling;JanetLeverling;54;Tourtière;318,60
3;1996;Janet;Leverling;JanetLeverling;56;Gnocchi di nonna Alice;608,00
3;1996;Janet;Leverling;JanetLeverling;57;Ravioli Angelo;234,00
3;1996;Janet;Leverling;JanetLeverling;60;Camembert Pierrot;1360,00
3;1996;Janet;Leverling;JanetLeverling;65;Louisiana Fiery Hot Pepper Sauce;336,00
3;1996;Janet;Leverling;JanetLeverling;71;Flotemysost;51,60
3;1996;Janet;Leverling;JanetLeverling;72;Mozzarella di Giovanni;778,40
3;1996;Janet;Leverling;JanetLeverling;74;Longlife Tofu;112,00
3;1996;Janet;Leverling;JanetLeverling;76;Lakkalik??ri;475,20
3;1996;Janet;Leverling;JanetLeverling;77;Original Frankfurter grüne So?e;124,80
4;1998;Margaret;Peacock;MargaretPeacock;1;Chai;2178,00
4;1998;Margaret;Peacock;MargaretPeacock;2;Chang;152,00
4;1998;Margaret;Peacock;MargaretPeacock;4;Chef Anton's Cajun Seasoning;660,00
4;1998;Margaret;Peacock;MargaretPeacock;6;Grandma's Boysenberry Spread;650,00
4;1998;Margaret;Peacock;MargaretPeacock;7;Uncle Bob's Organic Dried Pears;600,00
4;1998;Margaret;Peacock;MargaretPeacock;11;Queso Cabrales;42,00
4;1998;Margaret;Peacock;MargaretPeacock;12;Queso Manchego La Pastora;760,00
4;1998;Margaret;Peacock;MargaretPeacock;13;Konbu;888,00
4;1998;Margaret;Peacock;MargaretPeacock;14;Tofu;465,00
4;1998;Margaret;Peacock;MargaretPeacock;17;Alice Mutton;1872,00
4;1998;Margaret;Peacock;MargaretPeacock;18;Carnarvon Tigers;2625,00
4;1998;Margaret;Peacock;MargaretPeacock;19;Teatime Chocolate Biscuits;496,80
4;1998;Margaret;Peacock;MargaretPeacock;20;Sir Rodney's Marmalade;2025,00
4;1998;Margaret;Peacock;MargaretPeacock;21;Sir Rodney's Scones;1560,00
4;1998;Margaret;Peacock;MargaretPeacock;22;Gustaf's Kn?ckebr?d;441,00
4;1998;Margaret;Peacock;MargaretPeacock;23;Tunnbr?d;72,00
4;1998;Margaret;Peacock;MargaretPeacock;25;NuNuCa Nu?-Nougat-Creme;84,00
4;1998;Margaret;Peacock;MargaretPeacock;26;Gumb?r Gummib?rchen;374,76
4;1998;Margaret;Peacock;MargaretPeacock;27;Schoggi Schokolade;1097,50
4;1998;Margaret;Peacock;MargaretPeacock;28;R?ssle Sauerkraut;136,80
4;1998;Margaret;Peacock;MargaretPeacock;30;Nord-Ost Matjeshering;25,89
4;1998;Margaret;Peacock;MargaretPeacock;31;Gorgonzola Telino;125,00
4;1998;Margaret;Peacock;MargaretPeacock;33;Geitost;280,00
4;1998;Margaret;Peacock;MargaretPeacock;35;Steeleye Stout;342,00
4;1998;Margaret;Peacock;MargaretPeacock;37;Gravad lax;1768,00
4;1998;Margaret;Peacock;MargaretPeacock;38;C?te de Blaye;7905,00
4;1998;Margaret;Peacock;MargaretPeacock;39;Chartreuse verte;684,00
4;1998;Margaret;Peacock;MargaretPeacock;41;Jack's New England Clam Chowder;675,50
4;1998;Margaret;Peacock;MargaretPeacock;42;Singaporean Hokkien Fried Mee;1246,00
4;1998;Margaret;Peacock;MargaretPeacock;45;Rogede sild;342,00
4;1998;Margaret;Peacock;MargaretPeacock;46;Spegesild;180,00
4;1998;Margaret;Peacock;MargaretPeacock;47;Zaanse koeken;199,50
4;1998;Margaret;Peacock;MargaretPeacock;49;Maxilaku;700,00
4;1998;Margaret;Peacock;MargaretPeacock;50;Valkoinen suklaa;747,50
4;1998;Margaret;Peacock;MargaretPeacock;51;Manjimup Dried Apples;742,00
4;1998;Margaret;Peacock;MargaretPeacock;52;Filo Mix;133,00
4;1998;Margaret;Peacock;MargaretPeacock;53;Perth Pasties;328,00
4;1998;Margaret;Peacock;MargaretPeacock;54;Tourtière;238,40
4;1998;Margaret;Peacock;MargaretPeacock;55;Paté chinois;1560,00
4;1998;Margaret;Peacock;MargaretPeacock;56;Gnocchi di nonna Alice;2204,00
4;1998;Margaret;Peacock;MargaretPeacock;57;Ravioli Angelo;585,00
4;1998;Margaret;Peacock;MargaretPeacock;58;Escargots de Bourgogne;755,25
4;1998;Margaret;Peacock;MargaretPeacock;59;Raclette Courdavault;2200,00
4;1998;Margaret;Peacock;MargaretPeacock;60;Camembert Pierrot;3400,00
4;1998;Margaret;Peacock;MargaretPeacock;61;Sirop d'érable;427,50
4;1998;Margaret;Peacock;MargaretPeacock;62;Tarte au sucre;2317,10
4;1998;Margaret;Peacock;MargaretPeacock;63;Vegie-spread;526,80
4;1998;Margaret;Peacock;MargaretPeacock;64;Wimmers gute Semmelkn?del;4322,50
4;1998;Margaret;Peacock;MargaretPeacock;65;Louisiana Fiery Hot Pepper Sauce;694,65
4;1998;Margaret;Peacock;MargaretPeacock;67;Laughing Lumberjack Lager;210,00
4;1998;Margaret;Peacock;MargaretPeacock;68;Scottish Longbreads;300,00
4;1998;Margaret;Peacock;MargaretPeacock;70;Outback Lager;180,00
4;1998;Margaret;Peacock;MargaretPeacock;71;Flotemysost;2902,50
4;1998;Margaret;Peacock;MargaretPeacock;72;Mozzarella di Giovanni;348,00
4;1998;Margaret;Peacock;MargaretPeacock;73;R?d Kaviar;150,00
4;1998;Margaret;Peacock;MargaretPeacock;75;Rh?nbr?u Klosterbier;310,00
4;1998;Margaret;Peacock;MargaretPeacock;76;Lakkalik??ri;360,00
4;1997;Margaret;Peacock;MargaretPeacock;1;Chai;1674,00
4;1997;Margaret;Peacock;MargaretPeacock;2;Chang;4503,00
4;1997;Margaret;Peacock;MargaretPeacock;3;Aniseed Syrup;220,00
4;1997;Margaret;Peacock;MargaretPeacock;4;Chef Anton's Cajun Seasoning;2921,60
4;1997;Margaret;Peacock;MargaretPeacock;7;Uncle Bob's Organic Dried Pears;3984,00
4;1997;Margaret;Peacock;MargaretPeacock;8;Northwoods Cranberry Sauce;1360,00
4;1997;Margaret;Peacock;MargaretPeacock;10;Ikura;1178,00
4;1997;Margaret;Peacock;MargaretPeacock;11;Queso Cabrales;1638,00
4;1997;Margaret;Peacock;MargaretPeacock;13;Konbu;108,00
4;1997;Margaret;Peacock;MargaretPeacock;14;Tofu;999,75
4;1997;Margaret;Peacock;MargaretPeacock;16;Pavlova;2472,50
4;1997;Margaret;Peacock;MargaretPeacock;17;Alice Mutton;5460,00
4;1997;Margaret;Peacock;MargaretPeacock;18;Carnarvon Tigers;5875,00
4;1997;Margaret;Peacock;MargaretPeacock;19;Teatime Chocolate Biscuits;834,80
4;1997;Margaret;Peacock;MargaretPeacock;21;Sir Rodney's Scones;1170,00
4;1997;Margaret;Peacock;MargaretPeacock;23;Tunnbr?d;711,00
4;1997;Margaret;Peacock;MargaretPeacock;24;Guaraná Fantástica;22,50
4;1997;Margaret;Peacock;MargaretPeacock;25;NuNuCa Nu?-Nougat-Creme;378,00
4;1997;Margaret;Peacock;MargaretPeacock;26;Gumb?r Gummib?rchen;149,40
4;1997;Margaret;Peacock;MargaretPeacock;27;Schoggi Schokolade;1756,00
4;1997;Margaret;Peacock;MargaretPeacock;28;R?ssle Sauerkraut;4788,00
4;1997;Margaret;Peacock;MargaretPeacock;29;Thüringer Rostbratwurst;9555,82
4;1997;Margaret;Peacock;MargaretPeacock;30;Nord-Ost Matjeshering;1605,18
4;1997;Margaret;Peacock;MargaretPeacock;31;Gorgonzola Telino;850,00
4;1997;Margaret;Peacock;MargaretPeacock;33;Geitost;75,00
4;1997;Margaret;Peacock;MargaretPeacock;34;Sasquatch Ale;196,00
4;1997;Margaret;Peacock;MargaretPeacock;35;Steeleye Stout;1350,00
4;1997;Margaret;Peacock;MargaretPeacock;36;Inlagd Sill;855,00
4;1997;Margaret;Peacock;MargaretPeacock;38;C?te de Blaye;15810,00
4;1997;Margaret;Peacock;MargaretPeacock;39;Chartreuse verte;396,00
4;1997;Margaret;Peacock;MargaretPeacock;40;Boston Crab Meat;4230,60
4;1997;Margaret;Peacock;MargaretPeacock;41;Jack's New England Clam Chowder;241,25
4;1997;Margaret;Peacock;MargaretPeacock;42;Singaporean Hokkien Fried Mee;308,00
4;1997;Margaret;Peacock;MargaretPeacock;43;Ipoh Coffee;1490,40
4;1997;Margaret;Peacock;MargaretPeacock;44;Gula Malacca;1147,55
4;1997;Margaret;Peacock;MargaretPeacock;45;Rogede sild;380,00
4;1997;Margaret;Peacock;MargaretPeacock;46;Spegesild;1075,20
4;1997;Margaret;Peacock;MargaretPeacock;47;Zaanse koeken;1073,50
4;1997;Margaret;Peacock;MargaretPeacock;48;Chocolade;714,00
4;1997;Margaret;Peacock;MargaretPeacock;49;Maxilaku;500,00
4;1997;Margaret;Peacock;MargaretPeacock;51;Manjimup Dried Apples;2756,00
4;1997;Margaret;Peacock;MargaretPeacock;52;Filo Mix;28,00
4;1997;Margaret;Peacock;MargaretPeacock;53;Perth Pasties;328,00
4;1997;Margaret;Peacock;MargaretPeacock;54;Tourtière;29,80
4;1997;Margaret;Peacock;MargaretPeacock;55;Paté chinois;6336,00
4;1997;Margaret;Peacock;MargaretPeacock;56;Gnocchi di nonna Alice;7334,00
4;1997;Margaret;Peacock;MargaretPeacock;57;Ravioli Angelo;1267,50
4;1997;Margaret;Peacock;MargaretPeacock;58;Escargots de Bourgogne;79,50
4;1997;Margaret;Peacock;MargaretPeacock;59;Raclette Courdavault;6710,00
4;1997;Margaret;Peacock;MargaretPeacock;60;Camembert Pierrot;4556,00
4;1997;Margaret;Peacock;MargaretPeacock;61;Sirop d'érable;3414,30
4;1997;Margaret;Peacock;MargaretPeacock;62;Tarte au sucre;2218,50
4;1997;Margaret;Peacock;MargaretPeacock;63;Vegie-spread;878,00
4;1997;Margaret;Peacock;MargaretPeacock;64;Wimmers gute Semmelkn?del;1828,75
4;1997;Margaret;Peacock;MargaretPeacock;65;Louisiana Fiery Hot Pepper Sauce;3310,15
4;1997;Margaret;Peacock;MargaretPeacock;66;Louisiana Hot Spiced Okra;986,00
4;1997;Margaret;Peacock;MargaretPeacock;67;Laughing Lumberjack Lager;448,00
4;1997;Margaret;Peacock;MargaretPeacock;68;Scottish Longbreads;1085,00
4;1997;Margaret;Peacock;MargaretPeacock;69;Gudbrandsdalsost;2484,00
4;1997;Margaret;Peacock;MargaretPeacock;70;Outback Lager;1785,00
4;1997;Margaret;Peacock;MargaretPeacock;71;Flotemysost;356,90
4;1997;Margaret;Peacock;MargaretPeacock;72;Mozzarella di Giovanni;2156,00
4;1997;Margaret;Peacock;MargaretPeacock;73;R?d Kaviar;1200,00
4;1997;Margaret;Peacock;MargaretPeacock;74;Longlife Tofu;120,00
4;1997;Margaret;Peacock;MargaretPeacock;75;Rh?nbr?u Klosterbier;519,25
4;1997;Margaret;Peacock;MargaretPeacock;76;Lakkalik??ri;450,00
4;1997;Margaret;Peacock;MargaretPeacock;77;Original Frankfurter grüne So?e;2756,00
4;1996;Margaret;Peacock;MargaretPeacock;1;Chai;475,20
4;1996;Margaret;Peacock;MargaretPeacock;2;Chang;364,80
4;1996;Margaret;Peacock;MargaretPeacock;4;Chef Anton's Cajun Seasoning;1038,40
4;1996;Margaret;Peacock;MargaretPeacock;5;Chef Anton's Gumbo Mix;544,00
4;1996;Margaret;Peacock;MargaretPeacock;8;Northwoods Cranberry Sauce;2240,00
4;1996;Margaret;Peacock;MargaretPeacock;10;Ikura;396,80
4;1996;Margaret;Peacock;MargaretPeacock;15;Genen Shouyu;62,00
4;1996;Margaret;Peacock;MargaretPeacock;17;Alice Mutton;2340,00
4;1996;Margaret;Peacock;MargaretPeacock;18;Carnarvon Tigers;450,00
4;1996;Margaret;Peacock;MargaretPeacock;19;Teatime Chocolate Biscuits;189,80
4;1996;Margaret;Peacock;MargaretPeacock;20;Sir Rodney's Marmalade;2592,00
4;1996;Margaret;Peacock;MargaretPeacock;21;Sir Rodney's Scones;240,00
4;1996;Margaret;Peacock;MargaretPeacock;23;Tunnbr?d;468,00
4;1996;Margaret;Peacock;MargaretPeacock;24;Guaraná Fantástica;21,60
4;1996;Margaret;Peacock;MargaretPeacock;25;NuNuCa Nu?-Nougat-Creme;156,80
4;1996;Margaret;Peacock;MargaretPeacock;26;Gumb?r Gummib?rchen;597,60
4;1996;Margaret;Peacock;MargaretPeacock;27;Schoggi Schokolade;1404,00
4;1996;Margaret;Peacock;MargaretPeacock;28;R?ssle Sauerkraut;2111,20
4;1996;Margaret;Peacock;MargaretPeacock;29;Thüringer Rostbratwurst;4851,00
4;1996;Margaret;Peacock;MargaretPeacock;30;Nord-Ost Matjeshering;600,30
4;1996;Margaret;Peacock;MargaretPeacock;31;Gorgonzola Telino;760,00
4;1996;Margaret;Peacock;MargaretPeacock;33;Geitost;170,00
4;1996;Margaret;Peacock;MargaretPeacock;34;Sasquatch Ale;156,80
4;1996;Margaret;Peacock;MargaretPeacock;35;Steeleye Stout;345,60
4;1996;Margaret;Peacock;MargaretPeacock;36;Inlagd Sill;912,00
4;1996;Margaret;Peacock;MargaretPeacock;37;Gravad lax;603,20
4;1996;Margaret;Peacock;MargaretPeacock;38;C?te de Blaye;6324,00
4;1996;Margaret;Peacock;MargaretPeacock;39;Chartreuse verte;864,00
4;1996;Margaret;Peacock;MargaretPeacock;40;Boston Crab Meat;793,80
4;1996;Margaret;Peacock;MargaretPeacock;41;Jack's New England Clam Chowder;200,20
4;1996;Margaret;Peacock;MargaretPeacock;43;Ipoh Coffee;993,60
4;1996;Margaret;Peacock;MargaretPeacock;44;Gula Malacca;325,50
4;1996;Margaret;Peacock;MargaretPeacock;49;Maxilaku;560,00
4;1996;Margaret;Peacock;MargaretPeacock;51;Manjimup Dried Apples;1484,00
4;1996;Margaret;Peacock;MargaretPeacock;54;Tourtière;224,20
4;1996;Margaret;Peacock;MargaretPeacock;55;Paté chinois;1056,00
4;1996;Margaret;Peacock;MargaretPeacock;56;Gnocchi di nonna Alice;364,80
4;1996;Margaret;Peacock;MargaretPeacock;57;Ravioli Angelo;1060,80
4;1996;Margaret;Peacock;MargaretPeacock;58;Escargots de Bourgogne;848,00
4;1996;Margaret;Peacock;MargaretPeacock;59;Raclette Courdavault;3476,00
4;1996;Margaret;Peacock;MargaretPeacock;60;Camembert Pierrot;2203,20
4;1996;Margaret;Peacock;MargaretPeacock;62;Tarte au sucre;1379,00
4;1996;Margaret;Peacock;MargaretPeacock;64;Wimmers gute Semmelkn?del;1330,00
4;1996;Margaret;Peacock;MargaretPeacock;65;Louisiana Fiery Hot Pepper Sauce;924,00
4;1996;Margaret;Peacock;MargaretPeacock;67;Laughing Lumberjack Lager;56,00
4;1996;Margaret;Peacock;MargaretPeacock;68;Scottish Longbreads;170,00
4;1996;Margaret;Peacock;MargaretPeacock;70;Outback Lager;1212,00
4;1996;Margaret;Peacock;MargaretPeacock;71;Flotemysost;860,00
4;1996;Margaret;Peacock;MargaretPeacock;72;Mozzarella di Giovanni;695,00
4;1996;Margaret;Peacock;MargaretPeacock;74;Longlife Tofu;400,00
4;1996;Margaret;Peacock;MargaretPeacock;75;Rh?nbr?u Klosterbier;458,80
4;1996;Margaret;Peacock;MargaretPeacock;76;Lakkalik??ri;604,80
4;1996;Margaret;Peacock;MargaretPeacock;77;Original Frankfurter grüne So?e;156,00
5;1998;Steven;Buchanan;StevenBuchanan;1;Chai;720,00
5;1998;Steven;Buchanan;StevenBuchanan;2;Chang;494,00
5;1998;Steven;Buchanan;StevenBuchanan;10;Ikura;806,00
5;1998;Steven;Buchanan;StevenBuchanan;11;Queso Cabrales;840,00
5;1998;Steven;Buchanan;StevenBuchanan;16;Pavlova;488,60
5;1998;Steven;Buchanan;StevenBuchanan;17;Alice Mutton;585,00
5;1998;Steven;Buchanan;StevenBuchanan;23;Tunnbr?d;450,00
5;1998;Steven;Buchanan;StevenBuchanan;24;Guaraná Fantástica;184,50
5;1998;Steven;Buchanan;StevenBuchanan;25;NuNuCa Nu?-Nougat-Creme;140,00
5;1998;Steven;Buchanan;StevenBuchanan;30;Nord-Ost Matjeshering;1035,60
5;1998;Steven;Buchanan;StevenBuchanan;31;Gorgonzola Telino;512,50
5;1998;Steven;Buchanan;StevenBuchanan;35;Steeleye Stout;54,00
5;1998;Steven;Buchanan;StevenBuchanan;39;Chartreuse verte;144,00
5;1998;Steven;Buchanan;StevenBuchanan;45;Rogede sild;285,00
5;1998;Steven;Buchanan;StevenBuchanan;51;Manjimup Dried Apples;106,00
5;1998;Steven;Buchanan;StevenBuchanan;55;Paté chinois;240,00
5;1998;Steven;Buchanan;StevenBuchanan;56;Gnocchi di nonna Alice;1140,00
5;1998;Steven;Buchanan;StevenBuchanan;57;Ravioli Angelo;487,50
5;1998;Steven;Buchanan;StevenBuchanan;59;Raclette Courdavault;7260,00
5;1998;Steven;Buchanan;StevenBuchanan;60;Camembert Pierrot;816,00
5;1998;Steven;Buchanan;StevenBuchanan;62;Tarte au sucre;986,00
5;1998;Steven;Buchanan;StevenBuchanan;64;Wimmers gute Semmelkn?del;498,75
5;1998;Steven;Buchanan;StevenBuchanan;65;Louisiana Fiery Hot Pepper Sauce;442,05
5;1998;Steven;Buchanan;StevenBuchanan;68;Scottish Longbreads;250,00
5;1998;Steven;Buchanan;StevenBuchanan;72;Mozzarella di Giovanni;1392,00
5;1998;Steven;Buchanan;StevenBuchanan;77;Original Frankfurter grüne So?e;650,00
5;1997;Steven;Buchanan;StevenBuchanan;1;Chai;216,00
5;1997;Steven;Buchanan;StevenBuchanan;2;Chang;570,00
5;1997;Steven;Buchanan;StevenBuchanan;4;Chef Anton's Cajun Seasoning;264,00
5;1997;Steven;Buchanan;StevenBuchanan;7;Uncle Bob's Organic Dried Pears;1350,00
5;1997;Steven;Buchanan;StevenBuchanan;14;Tofu;920,70
5;1997;Steven;Buchanan;StevenBuchanan;16;Pavlova;261,75
5;1997;Steven;Buchanan;StevenBuchanan;17;Alice Mutton;4953,00
5;1997;Steven;Buchanan;StevenBuchanan;19;Teatime Chocolate Biscuits;263,70
5;1997;Steven;Buchanan;StevenBuchanan;21;Sir Rodney's Scones;168,00
5;1997;Steven;Buchanan;StevenBuchanan;22;Gustaf's Kn?ckebr?d;315,00
5;1997;Steven;Buchanan;StevenBuchanan;24;Guaraná Fantástica;67,50
5;1997;Steven;Buchanan;StevenBuchanan;25;NuNuCa Nu?-Nougat-Creme;490,00
5;1997;Steven;Buchanan;StevenBuchanan;28;R?ssle Sauerkraut;1567,20
5;1997;Steven;Buchanan;StevenBuchanan;30;Nord-Ost Matjeshering;776,70
5;1997;Steven;Buchanan;StevenBuchanan;31;Gorgonzola Telino;1162,50
5;1997;Steven;Buchanan;StevenBuchanan;33;Geitost;35,00
5;1997;Steven;Buchanan;StevenBuchanan;39;Chartreuse verte;648,00
5;1997;Steven;Buchanan;StevenBuchanan;40;Boston Crab Meat;1081,50
5;1997;Steven;Buchanan;StevenBuchanan;41;Jack's New England Clam Chowder;405,30
5;1997;Steven;Buchanan;StevenBuchanan;42;Singaporean Hokkien Fried Mee;560,00
5;1997;Steven;Buchanan;StevenBuchanan;44;Gula Malacca;972,50
5;1997;Steven;Buchanan;StevenBuchanan;45;Rogede sild;950,00
5;1997;Steven;Buchanan;StevenBuchanan;47;Zaanse koeken;475,00
5;1997;Steven;Buchanan;StevenBuchanan;51;Manjimup Dried Apples;2544,00
5;1997;Steven;Buchanan;StevenBuchanan;53;Perth Pasties;5084,00
5;1997;Steven;Buchanan;StevenBuchanan;54;Tourtière;268,20
5;1997;Steven;Buchanan;StevenBuchanan;55;Paté chinois;336,00
5;1997;Steven;Buchanan;StevenBuchanan;56;Gnocchi di nonna Alice;684,00
5;1997;Steven;Buchanan;StevenBuchanan;58;Escargots de Bourgogne;556,50
5;1997;Steven;Buchanan;StevenBuchanan;59;Raclette Courdavault;660,00
5;1997;Steven;Buchanan;StevenBuchanan;63;Vegie-spread;263,40
5;1997;Steven;Buchanan;StevenBuchanan;65;Louisiana Fiery Hot Pepper Sauce;210,50
5;1997;Steven;Buchanan;StevenBuchanan;68;Scottish Longbreads;250,00
5;1997;Steven;Buchanan;StevenBuchanan;69;Gudbrandsdalsost;360,00
5;1997;Steven;Buchanan;StevenBuchanan;72;Mozzarella di Giovanni;1983,60
5;1997;Steven;Buchanan;StevenBuchanan;75;Rh?nbr?u Klosterbier;201,50
5;1997;Steven;Buchanan;StevenBuchanan;76;Lakkalik??ri;720,00
5;1996;Steven;Buchanan;StevenBuchanan;11;Queso Cabrales;168,00
5;1996;Steven;Buchanan;StevenBuchanan;14;Tofu;186,00
5;1996;Steven;Buchanan;StevenBuchanan;16;Pavlova;778,40
5;1996;Steven;Buchanan;StevenBuchanan;20;Sir Rodney's Marmalade;777,60
5;1996;Steven;Buchanan;StevenBuchanan;21;Sir Rodney's Scones;160,00
5;1996;Steven;Buchanan;StevenBuchanan;24;Guaraná Fantástica;90,00
5;1996;Steven;Buchanan;StevenBuchanan;31;Gorgonzola Telino;700,00
5;1996;Steven;Buchanan;StevenBuchanan;33;Geitost;120,00
5;1996;Steven;Buchanan;StevenBuchanan;34;Sasquatch Ale;112,00
5;1996;Steven;Buchanan;StevenBuchanan;36;Inlagd Sill;304,00
5;1996;Steven;Buchanan;StevenBuchanan;38;C?te de Blaye;8432,00
5;1996;Steven;Buchanan;StevenBuchanan;39;Chartreuse verte;864,00
5;1996;Steven;Buchanan;StevenBuchanan;42;Singaporean Hokkien Fried Mee;98,00
5;1996;Steven;Buchanan;StevenBuchanan;51;Manjimup Dried Apples;763,20
5;1996;Steven;Buchanan;StevenBuchanan;55;Paté chinois;403,20
5;1996;Steven;Buchanan;StevenBuchanan;60;Camembert Pierrot;4080,00
5;1996;Steven;Buchanan;StevenBuchanan;71;Flotemysost;1307,20
5;1996;Steven;Buchanan;StevenBuchanan;72;Mozzarella di Giovanni;2453,60
5;1996;Steven;Buchanan;StevenBuchanan;74;Longlife Tofu;168,00
6;1998;Michael;Suyama;MichaelSuyama;1;Chai;990,00
6;1998;Michael;Suyama;MichaelSuyama;2;Chang;380,00
6;1998;Michael;Suyama;MichaelSuyama;7;Uncle Bob's Organic Dried Pears;600,00
6;1998;Michael;Suyama;MichaelSuyama;11;Queso Cabrales;105,00
6;1998;Michael;Suyama;MichaelSuyama;13;Konbu;600,00
6;1998;Michael;Suyama;MichaelSuyama;21;Sir Rodney's Scones;720,00
6;1998;Michael;Suyama;MichaelSuyama;24;Guaraná Fantástica;148,50
6;1998;Michael;Suyama;MichaelSuyama;26;Gumb?r Gummib?rchen;156,15
6;1998;Michael;Suyama;MichaelSuyama;31;Gorgonzola Telino;550,00
6;1998;Michael;Suyama;MichaelSuyama;33;Geitost;37,50
6;1998;Michael;Suyama;MichaelSuyama;41;Jack's New England Clam Chowder;250,90
6;1998;Michael;Suyama;MichaelSuyama;44;Gula Malacca;350,10
6;1998;Michael;Suyama;MichaelSuyama;46;Spegesild;36,00
6;1998;Michael;Suyama;MichaelSuyama;47;Zaanse koeken;133,00
6;1998;Michael;Suyama;MichaelSuyama;49;Maxilaku;40,00
6;1998;Michael;Suyama;MichaelSuyama;51;Manjimup Dried Apples;3339,00
6;1998;Michael;Suyama;MichaelSuyama;53;Perth Pasties;459,20
6;1998;Michael;Suyama;MichaelSuyama;56;Gnocchi di nonna Alice;684,00
6;1998;Michael;Suyama;MichaelSuyama;57;Ravioli Angelo;292,50
6;1998;Michael;Suyama;MichaelSuyama;61;Sirop d'érable;855,00
6;1998;Michael;Suyama;MichaelSuyama;62;Tarte au sucre;147,90
6;1998;Michael;Suyama;MichaelSuyama;64;Wimmers gute Semmelkn?del;665,00
6;1998;Michael;Suyama;MichaelSuyama;70;Outback Lager;540,00
6;1998;Michael;Suyama;MichaelSuyama;71;Flotemysost;881,50
6;1998;Michael;Suyama;MichaelSuyama;75;Rh?nbr?u Klosterbier;720,75
6;1998;Michael;Suyama;MichaelSuyama;77;Original Frankfurter grüne So?e;793,00
6;1997;Michael;Suyama;MichaelSuyama;1;Chai;108,00
6;1997;Michael;Suyama;MichaelSuyama;2;Chang;285,00
6;1997;Michael;Suyama;MichaelSuyama;3;Aniseed Syrup;200,00
6;1997;Michael;Suyama;MichaelSuyama;4;Chef Anton's Cajun Seasoning;132,00
6;1997;Michael;Suyama;MichaelSuyama;5;Chef Anton's Gumbo Mix;85,40
6;1997;Michael;Suyama;MichaelSuyama;7;Uncle Bob's Organic Dried Pears;90,00
6;1997;Michael;Suyama;MichaelSuyama;10;Ikura;1612,00
6;1997;Michael;Suyama;MichaelSuyama;11;Queso Cabrales;525,00
6;1997;Michael;Suyama;MichaelSuyama;12;Queso Manchego La Pastora;456,00
6;1997;Michael;Suyama;MichaelSuyama;13;Konbu;48,00
6;1997;Michael;Suyama;MichaelSuyama;14;Tofu;2743,50
6;1997;Michael;Suyama;MichaelSuyama;15;Genen Shouyu;186,00
6;1997;Michael;Suyama;MichaelSuyama;16;Pavlova;472,60
6;1997;Michael;Suyama;MichaelSuyama;19;Teatime Chocolate Biscuits;409,60
6;1997;Michael;Suyama;MichaelSuyama;21;Sir Rodney's Scones;150,00
6;1997;Michael;Suyama;MichaelSuyama;24;Guaraná Fantástica;310,50
6;1997;Michael;Suyama;MichaelSuyama;28;R?ssle Sauerkraut;2143,20
6;1997;Michael;Suyama;MichaelSuyama;29;Thüringer Rostbratwurst;6189,50
6;1997;Michael;Suyama;MichaelSuyama;31;Gorgonzola Telino;270,00
6;1997;Michael;Suyama;MichaelSuyama;33;Geitost;57,50
6;1997;Michael;Suyama;MichaelSuyama;34;Sasquatch Ale;420,00
6;1997;Michael;Suyama;MichaelSuyama;36;Inlagd Sill;95,00
6;1997;Michael;Suyama;MichaelSuyama;39;Chartreuse verte;2718,00
6;1997;Michael;Suyama;MichaelSuyama;40;Boston Crab Meat;975,20
6;1997;Michael;Suyama;MichaelSuyama;41;Jack's New England Clam Chowder;646,55
6;1997;Michael;Suyama;MichaelSuyama;44;Gula Malacca;544,60
6;1997;Michael;Suyama;MichaelSuyama;46;Spegesild;24,00
6;1997;Michael;Suyama;MichaelSuyama;47;Zaanse koeken;285,00
6;1997;Michael;Suyama;MichaelSuyama;48;Chocolade;306,00
6;1997;Michael;Suyama;MichaelSuyama;49;Maxilaku;200,00
6;1997;Michael;Suyama;MichaelSuyama;50;Valkoinen suklaa;406,25
6;1997;Michael;Suyama;MichaelSuyama;51;Manjimup Dried Apples;1060,00
6;1997;Michael;Suyama;MichaelSuyama;52;Filo Mix;84,00
6;1997;Michael;Suyama;MichaelSuyama;54;Tourtière;44,70
6;1997;Michael;Suyama;MichaelSuyama;55;Paté chinois;624,00
6;1997;Michael;Suyama;MichaelSuyama;56;Gnocchi di nonna Alice;6080,00
6;1997;Michael;Suyama;MichaelSuyama;59;Raclette Courdavault;6028,00
6;1997;Michael;Suyama;MichaelSuyama;60;Camembert Pierrot;850,00
6;1997;Michael;Suyama;MichaelSuyama;61;Sirop d'érable;570,00
6;1997;Michael;Suyama;MichaelSuyama;62;Tarte au sucre;1972,00
6;1997;Michael;Suyama;MichaelSuyama;63;Vegie-spread;395,10
6;1997;Michael;Suyama;MichaelSuyama;64;Wimmers gute Semmelkn?del;957,60
6;1997;Michael;Suyama;MichaelSuyama;65;Louisiana Fiery Hot Pepper Sauce;421,00
6;1997;Michael;Suyama;MichaelSuyama;69;Gudbrandsdalsost;1080,00
6;1997;Michael;Suyama;MichaelSuyama;71;Flotemysost;430,00
6;1997;Michael;Suyama;MichaelSuyama;72;Mozzarella di Giovanni;313,20
6;1997;Michael;Suyama;MichaelSuyama;73;R?d Kaviar;525,00
6;1997;Michael;Suyama;MichaelSuyama;74;Longlife Tofu;240,00
6;1997;Michael;Suyama;MichaelSuyama;75;Rh?nbr?u Klosterbier;279,00
6;1997;Michael;Suyama;MichaelSuyama;76;Lakkalik??ri;918,00
6;1997;Michael;Suyama;MichaelSuyama;77;Original Frankfurter grüne So?e;26,00
6;1996;Michael;Suyama;MichaelSuyama;1;Chai;504,00
6;1996;Michael;Suyama;MichaelSuyama;2;Chang;1140,00
6;1996;Michael;Suyama;MichaelSuyama;11;Queso Cabrales;201,60
6;1996;Michael;Suyama;MichaelSuyama;13;Konbu;96,00
6;1996;Michael;Suyama;MichaelSuyama;14;Tofu;167,40
6;1996;Michael;Suyama;MichaelSuyama;16;Pavlova;417,00
6;1996;Michael;Suyama;MichaelSuyama;20;Sir Rodney's Marmalade;388,80
6;1996;Michael;Suyama;MichaelSuyama;24;Guaraná Fantástica;90,00
6;1996;Michael;Suyama;MichaelSuyama;31;Gorgonzola Telino;1300,00
6;1996;Michael;Suyama;MichaelSuyama;33;Geitost;48,00
6;1996;Michael;Suyama;MichaelSuyama;35;Steeleye Stout;576,00
6;1996;Michael;Suyama;MichaelSuyama;36;Inlagd Sill;608,00
6;1996;Michael;Suyama;MichaelSuyama;41;Jack's New England Clam Chowder;192,50
6;1996;Michael;Suyama;MichaelSuyama;44;Gula Malacca;372,00
6;1996;Michael;Suyama;MichaelSuyama;46;Spegesild;700,80
6;1996;Michael;Suyama;MichaelSuyama;50;Valkoinen suklaa;195,00
6;1996;Michael;Suyama;MichaelSuyama;51;Manjimup Dried Apples;1780,80
6;1996;Michael;Suyama;MichaelSuyama;53;Perth Pasties;1834,00
6;1996;Michael;Suyama;MichaelSuyama;55;Paté chinois;230,40
6;1996;Michael;Suyama;MichaelSuyama;57;Ravioli Angelo;390,00
6;1996;Michael;Suyama;MichaelSuyama;59;Raclette Courdavault;1320,00
6;1996;Michael;Suyama;MichaelSuyama;62;Tarte au sucre;591,00
6;1996;Michael;Suyama;MichaelSuyama;64;Wimmers gute Semmelkn?del;798,00
6;1996;Michael;Suyama;MichaelSuyama;69;Gudbrandsdalsost;1756,80
6;1996;Michael;Suyama;MichaelSuyama;71;Flotemysost;344,00
6;1996;Michael;Suyama;MichaelSuyama;72;Mozzarella di Giovanni;1529,00
6;1996;Michael;Suyama;MichaelSuyama;74;Longlife Tofu;160,00
7;1998;Robert;King;RobertKing;1;Chai;450,00
7;1998;Robert;King;RobertKing;2;Chang;1900,00
7;1998;Robert;King;RobertKing;5;Chef Anton's Gumbo Mix;3202,50
7;1998;Robert;King;RobertKing;7;Uncle Bob's Organic Dried Pears;180,00
7;1998;Robert;King;RobertKing;9;Mishi Kobe Niku;291,00
7;1998;Robert;King;RobertKing;16;Pavlova;296,65
7;1998;Robert;King;RobertKing;17;Alice Mutton;585,00
7;1998;Robert;King;RobertKing;19;Teatime Chocolate Biscuits;386,40
7;1998;Robert;King;RobertKing;22;Gustaf's Kn?ckebr?d;1092,00
7;1998;Robert;King;RobertKing;23;Tunnbr?d;270,00
7;1998;Robert;King;RobertKing;24;Guaraná Fantástica;112,50
7;1998;Robert;King;RobertKing;25;NuNuCa Nu?-Nougat-Creme;210,00
7;1998;Robert;King;RobertKing;26;Gumb?r Gummib?rchen;624,60
7;1998;Robert;King;RobertKing;28;R?ssle Sauerkraut;3556,80
7;1998;Robert;King;RobertKing;29;Thüringer Rostbratwurst;13616,90
7;1998;Robert;King;RobertKing;30;Nord-Ost Matjeshering;388,35
7;1998;Robert;King;RobertKing;31;Gorgonzola Telino;550,00
7;1998;Robert;King;RobertKing;32;Mascarpone Fabioli;640,00
7;1998;Robert;King;RobertKing;34;Sasquatch Ale;2170,00
7;1998;Robert;King;RobertKing;35;Steeleye Stout;648,00
7;1998;Robert;King;RobertKing;41;Jack's New England Clam Chowder;665,85
7;1998;Robert;King;RobertKing;42;Singaporean Hokkien Fried Mee;140,00
7;1998;Robert;King;RobertKing;43;Ipoh Coffee;460,00
7;1998;Robert;King;RobertKing;45;Rogede sild;142,50
7;1998;Robert;King;RobertKing;46;Spegesild;252,00
7;1998;Robert;King;RobertKing;49;Maxilaku;840,00
7;1998;Robert;King;RobertKing;51;Manjimup Dried Apples;1060,00
7;1998;Robert;King;RobertKing;52;Filo Mix;140,00
7;1998;Robert;King;RobertKing;53;Perth Pasties;2296,00
7;1998;Robert;King;RobertKing;56;Gnocchi di nonna Alice;608,00
7;1998;Robert;King;RobertKing;57;Ravioli Angelo;858,00
7;1998;Robert;King;RobertKing;59;Raclette Courdavault;5500,00
7;1998;Robert;King;RobertKing;60;Camembert Pierrot;2040,00
7;1998;Robert;King;RobertKing;61;Sirop d'érable;855,00
7;1998;Robert;King;RobertKing;62;Tarte au sucre;1479,00
7;1998;Robert;King;RobertKing;64;Wimmers gute Semmelkn?del;1662,50
7;1998;Robert;King;RobertKing;67;Laughing Lumberjack Lager;336,00
7;1998;Robert;King;RobertKing;68;Scottish Longbreads;1525,00
7;1998;Robert;King;RobertKing;69;Gudbrandsdalsost;1296,00
7;1998;Robert;King;RobertKing;70;Outback Lager;810,00
7;1998;Robert;King;RobertKing;71;Flotemysost;451,50
7;1998;Robert;King;RobertKing;72;Mozzarella di Giovanni;1914,00
7;1997;Robert;King;RobertKing;1;Chai;198,00
7;1997;Robert;King;RobertKing;4;Chef Anton's Cajun Seasoning;1100,00
7;1997;Robert;King;RobertKing;8;Northwoods Cranberry Sauce;400,00
7;1997;Robert;King;RobertKing;10;Ikura;496,00
7;1997;Robert;King;RobertKing;11;Queso Cabrales;420,00
7;1997;Robert;King;RobertKing;12;Queso Manchego La Pastora;5320,00
7;1997;Robert;King;RobertKing;13;Konbu;438,00
7;1997;Robert;King;RobertKing;17;Alice Mutton;1989,00
7;1997;Robert;King;RobertKing;18;Carnarvon Tigers;500,00
7;1997;Robert;King;RobertKing;19;Teatime Chocolate Biscuits;92,00
7;1997;Robert;King;RobertKing;20;Sir Rodney's Marmalade;2916,00
7;1997;Robert;King;RobertKing;21;Sir Rodney's Scones;1460,00
7;1997;Robert;King;RobertKing;24;Guaraná Fantástica;328,50
7;1997;Robert;King;RobertKing;26;Gumb?r Gummib?rchen;1840,05
7;1997;Robert;King;RobertKing;28;R?ssle Sauerkraut;2620,80
7;1997;Robert;King;RobertKing;29;Thüringer Rostbratwurst;4456,44
7;1997;Robert;King;RobertKing;30;Nord-Ost Matjeshering;388,35
7;1997;Robert;King;RobertKing;31;Gorgonzola Telino;450,00
7;1997;Robert;King;RobertKing;32;Mascarpone Fabioli;1600,00
7;1997;Robert;King;RobertKing;33;Geitost;75,00
7;1997;Robert;King;RobertKing;34;Sasquatch Ale;952,00
7;1997;Robert;King;RobertKing;35;Steeleye Stout;864,00
7;1997;Robert;King;RobertKing;36;Inlagd Sill;646,00
7;1997;Robert;King;RobertKing;37;Gravad lax;468,00
7;1997;Robert;King;RobertKing;38;C?te de Blaye;10329,20
7;1997;Robert;King;RobertKing;39;Chartreuse verte;54,00
7;1997;Robert;King;RobertKing;40;Boston Crab Meat;471,00
7;1997;Robert;King;RobertKing;41;Jack's New England Clam Chowder;1215,90
7;1997;Robert;King;RobertKing;42;Singaporean Hokkien Fried Mee;280,00
7;1997;Robert;King;RobertKing;43;Ipoh Coffee;1426,00
7;1997;Robert;King;RobertKing;46;Spegesild;300,00
7;1997;Robert;King;RobertKing;47;Zaanse koeken;199,50
7;1997;Robert;King;RobertKing;48;Chocolade;191,25
7;1997;Robert;King;RobertKing;51;Manjimup Dried Apples;1590,00
7;1997;Robert;King;RobertKing;53;Perth Pasties;984,00
7;1997;Robert;King;RobertKing;54;Tourtière;223,50
7;1997;Robert;King;RobertKing;56;Gnocchi di nonna Alice;881,60
7;1997;Robert;King;RobertKing;57;Ravioli Angelo;390,00
7;1997;Robert;King;RobertKing;58;Escargots de Bourgogne;649,25
7;1997;Robert;King;RobertKing;59;Raclette Courdavault;4675,00
7;1997;Robert;King;RobertKing;60;Camembert Pierrot;408,00
7;1997;Robert;King;RobertKing;61;Sirop d'érable;1282,50
7;1997;Robert;King;RobertKing;62;Tarte au sucre;3944,00
7;1997;Robert;King;RobertKing;65;Louisiana Fiery Hot Pepper Sauce;463,10
7;1997;Robert;King;RobertKing;66;Louisiana Hot Spiced Okra;408,00
7;1997;Robert;King;RobertKing;67;Laughing Lumberjack Lager;42,00
7;1997;Robert;King;RobertKing;68;Scottish Longbreads;600,00
7;1997;Robert;King;RobertKing;69;Gudbrandsdalsost;2340,00
7;1997;Robert;King;RobertKing;70;Outback Lager;600,00
7;1997;Robert;King;RobertKing;71;Flotemysost;1161,00
7;1997;Robert;King;RobertKing;72;Mozzarella di Giovanni;695,00
7;1997;Robert;King;RobertKing;75;Rh?nbr?u Klosterbier;223,20
7;1997;Robert;King;RobertKing;76;Lakkalik??ri;72,00
7;1997;Robert;King;RobertKing;77;Original Frankfurter grüne So?e;572,00
7;1996;Robert;King;RobertKing;2;Chang;106,40
7;1996;Robert;King;RobertKing;3;Aniseed Syrup;240,00
7;1996;Robert;King;RobertKing;4;Chef Anton's Cajun Seasoning;316,80
7;1996;Robert;King;RobertKing;11;Queso Cabrales;201,60
7;1996;Robert;King;RobertKing;17;Alice Mutton;249,60
7;1996;Robert;King;RobertKing;28;R?ssle Sauerkraut;509,60
7;1996;Robert;King;RobertKing;31;Gorgonzola Telino;250,00
7;1996;Robert;King;RobertKing;32;Mascarpone Fabioli;153,60
7;1996;Robert;King;RobertKing;33;Geitost;16,00
7;1996;Robert;King;RobertKing;34;Sasquatch Ale;403,20
7;1996;Robert;King;RobertKing;38;C?te de Blaye;10540,00
7;1996;Robert;King;RobertKing;40;Boston Crab Meat;588,00
7;1996;Robert;King;RobertKing;51;Manjimup Dried Apples;2035,20
7;1996;Robert;King;RobertKing;52;Filo Mix;112,00
7;1996;Robert;King;RobertKing;54;Tourtière;247,80
7;1996;Robert;King;RobertKing;59;Raclette Courdavault;396,00
7;1996;Robert;King;RobertKing;64;Wimmers gute Semmelkn?del;239,40
7;1996;Robert;King;RobertKing;65;Louisiana Fiery Hot Pepper Sauce;756,00
7;1996;Robert;King;RobertKing;68;Scottish Longbreads;150,00
7;1996;Robert;King;RobertKing;69;Gudbrandsdalsost;28,80
7;1996;Robert;King;RobertKing;70;Outback Lager;60,00
7;1996;Robert;King;RobertKing;76;Lakkalik??ri;432,00
7;1996;Robert;King;RobertKing;77;Original Frankfurter grüne So?e;72,80
8;1998;Laura;Callahan;LauraCallahan;2;Chang;475,00
8;1998;Laura;Callahan;LauraCallahan;3;Aniseed Syrup;300,00
8;1998;Laura;Callahan;LauraCallahan;7;Uncle Bob's Organic Dried Pears;5130,00
8;1998;Laura;Callahan;LauraCallahan;8;Northwoods Cranberry Sauce;1200,00
8;1998;Laura;Callahan;LauraCallahan;11;Queso Cabrales;1155,00
8;1998;Laura;Callahan;LauraCallahan;12;Queso Manchego La Pastora;1520,00
8;1998;Laura;Callahan;LauraCallahan;13;Konbu;624,00
8;1998;Laura;Callahan;LauraCallahan;16;Pavlova;523,50
8;1998;Laura;Callahan;LauraCallahan;17;Alice Mutton;234,00
8;1998;Laura;Callahan;LauraCallahan;19;Teatime Chocolate Biscuits;138,00
8;1998;Laura;Callahan;LauraCallahan;20;Sir Rodney's Marmalade;1215,00
8;1998;Laura;Callahan;LauraCallahan;21;Sir Rodney's Scones;150,00
8;1998;Laura;Callahan;LauraCallahan;22;Gustaf's Kn?ckebr?d;735,00
8;1998;Laura;Callahan;LauraCallahan;23;Tunnbr?d;792,00
8;1998;Laura;Callahan;LauraCallahan;24;Guaraná Fantástica;450,00
8;1998;Laura;Callahan;LauraCallahan;25;NuNuCa Nu?-Nougat-Creme;70,00
8;1998;Laura;Callahan;LauraCallahan;26;Gumb?r Gummib?rchen;1093,05
8;1998;Laura;Callahan;LauraCallahan;27;Schoggi Schokolade;1317,00
8;1998;Laura;Callahan;LauraCallahan;28;R?ssle Sauerkraut;364,80
8;1998;Laura;Callahan;LauraCallahan;29;Thüringer Rostbratwurst;2475,80
8;1998;Laura;Callahan;LauraCallahan;30;Nord-Ost Matjeshering;880,26
8;1998;Laura;Callahan;LauraCallahan;31;Gorgonzola Telino;300,00
8;1998;Laura;Callahan;LauraCallahan;32;Mascarpone Fabioli;2080,00
8;1998;Laura;Callahan;LauraCallahan;33;Geitost;25,00
8;1998;Laura;Callahan;LauraCallahan;35;Steeleye Stout;1494,00
8;1998;Laura;Callahan;LauraCallahan;39;Chartreuse verte;540,00
8;1998;Laura;Callahan;LauraCallahan;40;Boston Crab Meat;552,00
8;1998;Laura;Callahan;LauraCallahan;41;Jack's New England Clam Chowder;115,80
8;1998;Laura;Callahan;LauraCallahan;42;Singaporean Hokkien Fried Mee;784,00
8;1998;Laura;Callahan;LauraCallahan;43;Ipoh Coffee;1932,00
8;1998;Laura;Callahan;LauraCallahan;44;Gula Malacca;233,40
8;1998;Laura;Callahan;LauraCallahan;46;Spegesild;600,00
8;1998;Laura;Callahan;LauraCallahan;47;Zaanse koeken;285,00
8;1998;Laura;Callahan;LauraCallahan;51;Manjimup Dried Apples;530,00
8;1998;Laura;Callahan;LauraCallahan;52;Filo Mix;238,00
8;1998;Laura;Callahan;LauraCallahan;53;Perth Pasties;656,00
8;1998;Laura;Callahan;LauraCallahan;54;Tourtière;149,00
8;1998;Laura;Callahan;LauraCallahan;55;Paté chinois;840,00
8;1998;Laura;Callahan;LauraCallahan;58;Escargots de Bourgogne;795,00
8;1998;Laura;Callahan;LauraCallahan;59;Raclette Courdavault;1650,00
8;1998;Laura;Callahan;LauraCallahan;60;Camembert Pierrot;1700,00
8;1998;Laura;Callahan;LauraCallahan;61;Sirop d'érable;370,50
8;1998;Laura;Callahan;LauraCallahan;62;Tarte au sucre;3155,20
8;1998;Laura;Callahan;LauraCallahan;63;Vegie-spread;2414,50
8;1998;Laura;Callahan;LauraCallahan;64;Wimmers gute Semmelkn?del;1862,00
8;1998;Laura;Callahan;LauraCallahan;67;Laughing Lumberjack Lager;280,00
8;1998;Laura;Callahan;LauraCallahan;69;Gudbrandsdalsost;324,00
8;1998;Laura;Callahan;LauraCallahan;70;Outback Lager;135,00
8;1998;Laura;Callahan;LauraCallahan;72;Mozzarella di Giovanni;1252,80
8;1998;Laura;Callahan;LauraCallahan;74;Longlife Tofu;200,00
8;1998;Laura;Callahan;LauraCallahan;75;Rh?nbr?u Klosterbier;480,50
8;1998;Laura;Callahan;LauraCallahan;76;Lakkalik??ri;2988,00
8;1998;Laura;Callahan;LauraCallahan;77;Original Frankfurter grüne So?e;559,00
8;1997;Laura;Callahan;LauraCallahan;1;Chai;900,00
8;1997;Laura;Callahan;LauraCallahan;2;Chang;779,00
8;1997;Laura;Callahan;LauraCallahan;4;Chef Anton's Cajun Seasoning;1320,00
8;1997;Laura;Callahan;LauraCallahan;5;Chef Anton's Gumbo Mix;320,25
8;1997;Laura;Callahan;LauraCallahan;7;Uncle Bob's Organic Dried Pears;2700,00
8;1997;Laura;Callahan;LauraCallahan;8;Northwoods Cranberry Sauce;1200,00
8;1997;Laura;Callahan;LauraCallahan;10;Ikura;992,00
8;1997;Laura;Callahan;LauraCallahan;11;Queso Cabrales;919,80
8;1997;Laura;Callahan;LauraCallahan;12;Queso Manchego La Pastora;1140,00
8;1997;Laura;Callahan;LauraCallahan;14;Tofu;1116,00
8;1997;Laura;Callahan;LauraCallahan;16;Pavlova;1483,25
8;1997;Laura;Callahan;LauraCallahan;17;Alice Mutton;2145,00
8;1997;Laura;Callahan;LauraCallahan;18;Carnarvon Tigers;2062,50
8;1997;Laura;Callahan;LauraCallahan;19;Teatime Chocolate Biscuits;423,60
8;1997;Laura;Callahan;LauraCallahan;20;Sir Rodney's Marmalade;1701,00
8;1997;Laura;Callahan;LauraCallahan;21;Sir Rodney's Scones;950,00
8;1997;Laura;Callahan;LauraCallahan;22;Gustaf's Kn?ckebr?d;2469,60
8;1997;Laura;Callahan;LauraCallahan;23;Tunnbr?d;1062,00
8;1997;Laura;Callahan;LauraCallahan;24;Guaraná Fantástica;577,80
8;1997;Laura;Callahan;LauraCallahan;25;NuNuCa Nu?-Nougat-Creme;134,40
8;1997;Laura;Callahan;LauraCallahan;26;Gumb?r Gummib?rchen;747,00
8;1997;Laura;Callahan;LauraCallahan;28;R?ssle Sauerkraut;982,80
8;1997;Laura;Callahan;LauraCallahan;30;Nord-Ost Matjeshering;1242,72
8;1997;Laura;Callahan;LauraCallahan;31;Gorgonzola Telino;625,00
8;1997;Laura;Callahan;LauraCallahan;33;Geitost;50,00
8;1997;Laura;Callahan;LauraCallahan;35;Steeleye Stout;1044,00
8;1997;Laura;Callahan;LauraCallahan;36;Inlagd Sill;779,00
8;1997;Laura;Callahan;LauraCallahan;37;Gravad lax;208,00
8;1997;Laura;Callahan;LauraCallahan;39;Chartreuse verte;378,00
8;1997;Laura;Callahan;LauraCallahan;40;Boston Crab Meat;276,00
8;1997;Laura;Callahan;LauraCallahan;41;Jack's New England Clam Chowder;96,50
8;1997;Laura;Callahan;LauraCallahan;42;Singaporean Hokkien Fried Mee;812,00
8;1997;Laura;Callahan;LauraCallahan;43;Ipoh Coffee;1104,00
8;1997;Laura;Callahan;LauraCallahan;44;Gula Malacca;1782,50
8;1997;Laura;Callahan;LauraCallahan;46;Spegesild;216,00
8;1997;Laura;Callahan;LauraCallahan;49;Maxilaku;1220,00
8;1997;Laura;Callahan;LauraCallahan;50;Valkoinen suklaa;650,00
8;1997;Laura;Callahan;LauraCallahan;51;Manjimup Dried Apples;763,20
8;1997;Laura;Callahan;LauraCallahan;53;Perth Pasties;2358,00
8;1997;Laura;Callahan;LauraCallahan;54;Tourtière;443,30
8;1997;Laura;Callahan;LauraCallahan;55;Paté chinois;38,40
8;1997;Laura;Callahan;LauraCallahan;56;Gnocchi di nonna Alice;190,00
8;1997;Laura;Callahan;LauraCallahan;57;Ravioli Angelo;312,00
8;1997;Laura;Callahan;LauraCallahan;59;Raclette Courdavault;3795,00
8;1997;Laura;Callahan;LauraCallahan;60;Camembert Pierrot;1088,00
8;1997;Laura;Callahan;LauraCallahan;61;Sirop d'érable;712,50
8;1997;Laura;Callahan;LauraCallahan;62;Tarte au sucre;2858,00
8;1997;Laura;Callahan;LauraCallahan;63;Vegie-spread;3335,10
8;1997;Laura;Callahan;LauraCallahan;64;Wimmers gute Semmelkn?del;598,50
8;1997;Laura;Callahan;LauraCallahan;68;Scottish Longbreads;922,50
8;1997;Laura;Callahan;LauraCallahan;69;Gudbrandsdalsost;720,00
8;1997;Laura;Callahan;LauraCallahan;70;Outback Lager;894,00
8;1997;Laura;Callahan;LauraCallahan;71;Flotemysost;688,00
8;1997;Laura;Callahan;LauraCallahan;72;Mozzarella di Giovanni;1113,20
8;1997;Laura;Callahan;LauraCallahan;73;R?d Kaviar;1125,00
8;1997;Laura;Callahan;LauraCallahan;75;Rh?nbr?u Klosterbier;970,30
8;1997;Laura;Callahan;LauraCallahan;77;Original Frankfurter grüne So?e;241,80
8;1996;Laura;Callahan;LauraCallahan;1;Chai;172,80
8;1996;Laura;Callahan;LauraCallahan;5;Chef Anton's Gumbo Mix;544,00
8;1996;Laura;Callahan;LauraCallahan;7;Uncle Bob's Organic Dried Pears;360,00
8;1996;Laura;Callahan;LauraCallahan;10;Ikura;372,00
8;1996;Laura;Callahan;LauraCallahan;13;Konbu;144,00
8;1996;Laura;Callahan;LauraCallahan;16;Pavlova;695,00
8;1996;Laura;Callahan;LauraCallahan;17;Alice Mutton;468,00
8;1996;Laura;Callahan;LauraCallahan;18;Carnarvon Tigers;1250,00
8;1996;Laura;Callahan;LauraCallahan;29;Thüringer Rostbratwurst;7326,00
8;1996;Laura;Callahan;LauraCallahan;30;Nord-Ost Matjeshering;372,60
8;1996;Laura;Callahan;LauraCallahan;34;Sasquatch Ale;224,00
8;1996;Laura;Callahan;LauraCallahan;35;Steeleye Stout;1440,00
8;1996;Laura;Callahan;LauraCallahan;39;Chartreuse verte;432,00
8;1996;Laura;Callahan;LauraCallahan;40;Boston Crab Meat;147,00
8;1996;Laura;Callahan;LauraCallahan;41;Jack's New England Clam Chowder;154,00
8;1996;Laura;Callahan;LauraCallahan;44;Gula Malacca;248,00
8;1996;Laura;Callahan;LauraCallahan;46;Spegesild;144,00
8;1996;Laura;Callahan;LauraCallahan;49;Maxilaku;240,00
8;1996;Laura;Callahan;LauraCallahan;50;Valkoinen suklaa;195,00
8;1996;Laura;Callahan;LauraCallahan;52;Filo Mix;44,80
8;1996;Laura;Callahan;LauraCallahan;53;Perth Pasties;524,00
8;1996;Laura;Callahan;LauraCallahan;56;Gnocchi di nonna Alice;1824,00
8;1996;Laura;Callahan;LauraCallahan;59;Raclette Courdavault;660,00
8;1996;Laura;Callahan;LauraCallahan;60;Camembert Pierrot;163,20
8;1996;Laura;Callahan;LauraCallahan;62;Tarte au sucre;1773,00
8;1996;Laura;Callahan;LauraCallahan;63;Vegie-spread;280,80
8;1996;Laura;Callahan;LauraCallahan;65;Louisiana Fiery Hot Pepper Sauce;84,00
8;1996;Laura;Callahan;LauraCallahan;68;Scottish Longbreads;700,00
8;1996;Laura;Callahan;LauraCallahan;70;Outback Lager;360,00
8;1996;Laura;Callahan;LauraCallahan;71;Flotemysost;516,00
8;1996;Laura;Callahan;LauraCallahan;72;Mozzarella di Giovanni;111,20
8;1996;Laura;Callahan;LauraCallahan;73;R?d Kaviar;300,00
8;1996;Laura;Callahan;LauraCallahan;76;Lakkalik??ri;590,40
8;1996;Laura;Callahan;LauraCallahan;77;Original Frankfurter grüne So?e;301,60
9;1998;Anne;2z;Anne2z;1;Chai;360,00
9;1998;Anne;2z;Anne2z;2;Chang;190,00
9;1998;Anne;2z;Anne2z;3;Aniseed Syrup;740,00
9;1998;Anne;2z;Anne2z;6;Grandma's Boysenberry Spread;1250,00
9;1998;Anne;2z;Anne2z;8;Northwoods Cranberry Sauce;2800,00
9;1998;Anne;2z;Anne2z;11;Queso Cabrales;840,00
9;1998;Anne;2z;Anne2z;13;Konbu;96,00
9;1998;Anne;2z;Anne2z;16;Pavlova;209,40
9;1998;Anne;2z;Anne2z;17;Alice Mutton;624,00
9;1998;Anne;2z;Anne2z;18;Carnarvon Tigers;625,00
9;1998;Anne;2z;Anne2z;19;Teatime Chocolate Biscuits;322,00
9;1998;Anne;2z;Anne2z;20;Sir Rodney's Marmalade;4455,00
9;1998;Anne;2z;Anne2z;21;Sir Rodney's Scones;430,00
9;1998;Anne;2z;Anne2z;24;Guaraná Fantástica;45,00
9;1998;Anne;2z;Anne2z;26;Gumb?r Gummib?rchen;562,14
9;1998;Anne;2z;Anne2z;29;Thüringer Rostbratwurst;2970,96
9;1998;Anne;2z;Anne2z;30;Nord-Ost Matjeshering;906,15
9;1998;Anne;2z;Anne2z;31;Gorgonzola Telino;812,50
9;1998;Anne;2z;Anne2z;33;Geitost;37,50
9;1998;Anne;2z;Anne2z;36;Inlagd Sill;684,00
9;1998;Anne;2z;Anne2z;38;C?te de Blaye;11067,00
9;1998;Anne;2z;Anne2z;40;Boston Crab Meat;644,00
9;1998;Anne;2z;Anne2z;41;Jack's New England Clam Chowder;57,90
9;1998;Anne;2z;Anne2z;44;Gula Malacca;116,70
9;1998;Anne;2z;Anne2z;47;Zaanse koeken;380,00
9;1998;Anne;2z;Anne2z;49;Maxilaku;560,00
9;1998;Anne;2z;Anne2z;52;Filo Mix;280,00
9;1998;Anne;2z;Anne2z;59;Raclette Courdavault;6050,00
9;1998;Anne;2z;Anne2z;60;Camembert Pierrot;1496,00
9;1998;Anne;2z;Anne2z;61;Sirop d'érable;114,00
9;1998;Anne;2z;Anne2z;69;Gudbrandsdalsost;1080,00
9;1998;Anne;2z;Anne2z;70;Outback Lager;450,00
9;1998;Anne;2z;Anne2z;75;Rh?nbr?u Klosterbier;387,50
9;1998;Anne;2z;Anne2z;76;Lakkalik??ri;378,00
9;1997;Anne;2z;Anne2z;1;Chai;270,00
9;1997;Anne;2z;Anne2z;9;Mishi Kobe Niku;4850,00
9;1997;Anne;2z;Anne2z;10;Ikura;558,00
9;1997;Anne;2z;Anne2z;11;Queso Cabrales;735,00
9;1997;Anne;2z;Anne2z;13;Konbu;120,00
9;1997;Anne;2z;Anne2z;14;Tofu;116,25
9;1997;Anne;2z;Anne2z;18;Carnarvon Tigers;2625,00
9;1997;Anne;2z;Anne2z;24;Guaraná Fantástica;90,00
9;1997;Anne;2z;Anne2z;25;NuNuCa Nu?-Nougat-Creme;252,00
9;1997;Anne;2z;Anne2z;29;Thüringer Rostbratwurst;1237,90
9;1997;Anne;2z;Anne2z;31;Gorgonzola Telino;612,50
9;1997;Anne;2z;Anne2z;32;Mascarpone Fabioli;128,00
9;1997;Anne;2z;Anne2z;36;Inlagd Sill;114,00
9;1997;Anne;2z;Anne2z;38;C?te de Blaye;3952,50
9;1997;Anne;2z;Anne2z;39;Chartreuse verte;180,00
9;1997;Anne;2z;Anne2z;41;Jack's New England Clam Chowder;192,50
9;1997;Anne;2z;Anne2z;44;Gula Malacca;931,20
9;1997;Anne;2z;Anne2z;45;Rogede sild;380,00
9;1997;Anne;2z;Anne2z;52;Filo Mix;28,00
9;1997;Anne;2z;Anne2z;54;Tourtière;149,00
9;1997;Anne;2z;Anne2z;59;Raclette Courdavault;5621,00
9;1997;Anne;2z;Anne2z;64;Wimmers gute Semmelkn?del;997,50
9;1997;Anne;2z;Anne2z;65;Louisiana Fiery Hot Pepper Sauce;842,00
9;1997;Anne;2z;Anne2z;66;Louisiana Hot Spiced Okra;816,00
9;1997;Anne;2z;Anne2z;70;Outback Lager;315,00
9;1997;Anne;2z;Anne2z;71;Flotemysost;1247,00
9;1997;Anne;2z;Anne2z;72;Mozzarella di Giovanni;278,40
9;1997;Anne;2z;Anne2z;75;Rh?nbr?u Klosterbier;465,00
9;1997;Anne;2z;Anne2z;76;Lakkalik??ri;784,80
9;1997;Anne;2z;Anne2z;77;Original Frankfurter grüne So?e;689,00
9;1996;Anne;2z;Anne2z;2;Chang;304,00
9;1996;Anne;2z;Anne2z;16;Pavlova;1612,40
9;1996;Anne;2z;Anne2z;24;Guaraná Fantástica;154,80
9;1996;Anne;2z;Anne2z;30;Nord-Ost Matjeshering;1242,00
9;1996;Anne;2z;Anne2z;34;Sasquatch Ale;112,00
9;1996;Anne;2z;Anne2z;35;Steeleye Stout;1008,00
9;1996;Anne;2z;Anne2z;36;Inlagd Sill;380,00
9;1996;Anne;2z;Anne2z;46;Spegesild;288,00
9;1996;Anne;2z;Anne2z;54;Tourtière;88,50
9;1996;Anne;2z;Anne2z;59;Raclette Courdavault;3080,00
9;1996;Anne;2z;Anne2z;63;Vegie-spread;2808,00
9;1996;Anne;2z;Anne2z;74;Longlife Tofu;288,00
